ken-code,sityouson-code,tiiki-code,ken-name,sityouson-name1,sityouson-name2,sityouson-name3,yomigana
1,0,1000,kC,,,,قǂ
1,100,1100,kC,Dys,,,ۂ낵
1,101,1101,kC,Dys,,,イ
1,102,1102,kC,Dys,,k,
1,103,1103,kC,Dys,,,Ђ
1,104,1104,kC,Dys,,΋,낢
1,105,1105,kC,Dys,,L,ƂЂ炭
1,106,1106,kC,Dys,,,݂Ȃ݂
1,107,1107,kC,Dys,,,ɂ
1,108,1108,kC,Dys,,ʋ,ׂ
1,109,1109,kC,Dys,,,Ă˂
1,110,1110,kC,Dys,,c,悽
1,202,1202,kC,,,َs,͂Ă
1,203,1203,kC,,,Ms,邵
1,204,1204,kC,,,s,Ђ킵
1,205,1205,kC,,,s,ނ
1,206,1206,kC,,,Hs,낵
1,207,1207,kC,,,эLs,тЂ낵
1,208,1208,kC,,,ks,݂
1,209,1209,kC,,,[s,䂤΂肵
1,210,1210,kC,,,〈s,݂킵
1,211,1211,kC,,,ԑs,΂肵
1,212,1212,kC,,,Gs,
1,213,1213,kC,,,Ϗqs,Ƃ܂܂
1,214,1214,kC,,,ts,Ȃ
1,215,1215,kC,,,Ss,т΂
1,216,1216,kC,,,ʎs,ׂ
1,217,1217,kC,,,]ʎs,ׂ
1,218,1218,kC,,,ԕs,т炵
1,219,1219,kC,,,ʎs,ׂ
1,220,1220,kC,,,mʎs,ׂ
1,221,1221,kC,,,s,Ȃ낵
1,222,1222,kC,,,O}s,݂
1,223,1223,kC,,,s,˂ނ낵
1,224,1224,kC,,,Ύs,Ƃ
1,225,1225,kC,,,s,킵
1,226,1226,kC,,,s,Ȃ킵
1,227,1227,kC,,,̎us,Ȃ
1,228,1228,kC,,,[s,ӂ킵
1,229,1229,kC,,,xǖs,ӂ̂
1,230,1230,kC,,,oʎs,̂ڂׂ
1,231,1231,kC,,,bs,ɂ킵
1,233,1233,kC,,,ɒBs,Ă
1,234,1234,kC,,,kLs,Ђ낵܂
1,235,1235,kC,,,Ύs,肵
1,236,1236,kC,,,kls,قƂ
1,300,1300,kC,ΎU,,,肵񂱂傭
1,303,1303,kC,ΎU,,ʒ,Ƃׂ傤
1,304,1304,kC,ΎU,,VÑ,񂵂̂ނ
1,330,1330,kC,nU,,,܂񂱂傭
1,331,1331,kC,nU,,O,܂܂傤
1,332,1332,kC,nU,,,ӂ܂傤
1,333,1333,kC,nU,,m,肤傤
1,334,1334,kC,nU,,،Ó,Ȃ傤
1,337,1337,kC,nU,,ђ,ȂȂ傤
1,343,1343,kC,nU,,,ׂ傤
1,345,1345,kC,nU,,X,܂
1,346,1346,kC,nU,,_,₭傤
1,347,1347,kC,nU,,,܂ׂ傤
1,360,1360,kC,wRU,,,Ђ܂񂱂傭
1,361,1361,kC,wRU,,],傤
1,362,1362,kC,wRU,,m,݂̂ɂ傤
1,363,1363,kC,wRU,,򕔒,Ԃ傤
1,364,1364,kC,wRU,,,Ƃׂ傤
1,367,1367,kC,wRU,,K,肿傤
1,370,1370,kC,wRU,,,܂˂傤
1,371,1371,kC,wRU,,Ȓ,Ȃ傤
1,390,1390,kC,uU,,,ׂ񂱂傭
1,391,1391,kC,uU,,q,܂܂ނ
1,392,1392,kC,uU,,s,傤
1,393,1393,kC,uU,,,܂Ȃ傤
1,394,1394,kC,uU,,z,񂱂傤
1,395,1395,kC,uU,,jZR,ɂ傤
1,396,1396,kC,uU,,^둺,܂ނ
1,397,1397,kC,uU,,s,邷ނ
1,398,1398,kC,uU,,Εʒ,ׂ傤
1,399,1399,kC,uU,,ɒ,傤傤
1,400,1400,kC,uU,,m,񂿂傤
1,401,1401,kC,uU,,a,傤킿傤
1,402,1402,kC,uU,,,Ȃ傤
1,403,1403,kC,uU,,,Ƃ܂ނ
1,404,1404,kC,uU,,_b,Ȃނ
1,405,1405,kC,uU,,ϒO,Ⴑ񂿂傤
1,406,1406,kC,uU,,Õ,ӂт炿傤
1,407,1407,kC,uU,,mؒ,ɂ傤
1,408,1408,kC,uU,,]s,悢傤
1,409,1409,kC,uU,,Ԉ쑺,ނ
1,420,1420,kC,mU,,,炿񂱂傭
1,423,1423,kC,mU,,y,Ȃۂ낿傤
1,424,1424,kC,mU,,ވ],Ȃ傤
1,425,1425,kC,mU,,㍻쒬,݂Ȃ킿傤
1,427,1427,kC,mU,,Rm,ɂ傤
1,428,1428,kC,mU,,,Ȃʂ܂傤
1,429,1429,kC,mU,,IR,܂傤
1,430,1430,kC,mU,,`,傤
1,431,1431,kC,mU,,YP,炤傤
1,432,1432,kC,mU,,V\Ð쒬,Ƃ킿傤
1,433,1433,kC,mU,,w,傤
1,434,1434,kC,mU,,ʒ,Ղׂ傤
1,436,1436,kC,mU,,J,イ傤
1,437,1437,kC,mU,,k,قイ傤
1,438,1438,kC,mU,,c,ʂ܂傤
1,450,1450,kC,쑍U,,,݂킻񂱂傭
1,452,1452,kC,쑍U,,鐲,傤
1,453,1453,kC,쑍U,,_y,Ђ炿傤
1,454,1454,kC,쑍U,,,Ƃ܂傤
1,455,1455,kC,쑍U,,z,҂Ղ傤
1,456,1456,kC,쑍U,,ʒ,x傤
1,457,1457,kC,쑍U,,쒬,݂킿傤
1,458,1458,kC,쑍U,,쒬,Ђ킿傤
1,459,1459,kC,쑍U,,l,т傤
1,460,1460,kC,쑍U,,xǖ쒬,݂ӂ̂傤
1,461,1461,kC,쑍U,,xǖ쒬,Ȃӂ̂傤
1,462,1462,kC,쑍U,,xǖ쒬,݂Ȃ݂ӂ̂傤
1,463,1463,kC,쑍U,,芥,ނՂނ
1,464,1464,kC,쑍U,,a,ނ傤
1,465,1465,kC,쑍U,,,Ԃ傤
1,468,1468,kC,쑍U,,쒬,킿傤
1,469,1469,kC,쑍U,,[,тӂ傤
1,470,1470,kC,쑍U,,Ўq{,Ƃ˂Ղނ
1,471,1471,kC,쑍U,,쒬,Ȃ킿傤
1,472,1472,kC,쑍U,,y,ق납Ȃ傤
1,480,1480,kC,GU,,,񂱂傭
1,481,1481,kC,GU,,ђ,܂傤
1,482,1482,kC,GU,,,т炿傤
1,483,1483,kC,GU,,ϑO,Ƃ܂܂傤
1,484,1484,kC,GU,,Hy,͂ڂ낿傤
1,485,1485,kC,GU,,Rʑ,傳ׂނ
1,486,1486,kC,GU,,ʒ,ׂ傤
1,487,1487,kC,GU,,V,Ă傤
1,510,1510,kC,@JU,,,₻񂱂傭
1,511,1511,kC,@JU,,,ӂނ
1,512,1512,kC,@JU,,lڕʒ,͂܂Ƃׂ傤
1,513,1513,kC,@JU,,ڕʒ,ȂƂׂ傤
1,514,1514,kC,@JU,,}K,傤
1,516,1516,kC,@JU,,Lx,ƂƂ݂傤
1,517,1517,kC,@JU,,當,Ԃ񂿂傤
1,518,1518,kC,@JU,,K,肵肿傤
1,519,1519,kC,@JU,,Kxm,肵ӂ傤
1,520,1520,kC,@JU,,y,قׂ̂傤
1,540,1540,kC,Iz[cNU,,,ف[񂱂傭
1,543,1543,kC,Iz[cNU,,y,тق낿傤
1,544,1544,kC,Iz[cNU,,Õʒ,ׂ傤
1,545,1545,kC,Iz[cNU,,Η,肿傤
1,546,1546,kC,Iz[cNU,,,悳Ƃ傤
1,547,1547,kC,Iz[cNU,,,݂傤
1,549,1549,kC,Iz[cNU,,Pq{,˂Ղ傤
1,550,1550,kC,Iz[cNU,,u˒,Ƃ傤
1,552,1552,kC,Iz[cNU,,CԒ,܂傤
1,555,1555,kC,Iz[cNU,,y,񂪂邿傤
1,559,1559,kC,Iz[cNU,,Nʒ,䂤ׂ傤
1,560,1560,kC,Iz[cNU,,㒬,̂傤
1,561,1561,kC,Iz[cNU,,,؂傤
1,562,1562,kC,Iz[cNU,,,ɂ؂ނ
1,563,1563,kC,Iz[cNU,,Y,ނ傤
1,564,1564,kC,Iz[cNU,,,炿傤
1,570,1570,kC,_UU,,,Ԃ肻񂱂傭
1,571,1571,kC,_UU,,LY,Ƃ悤炿傤
1,575,1575,kC,_UU,,s˒,ׂ傤
1,578,1578,kC,_UU,,V,炨傤
1,581,1581,kC,_UU,,^,܂傤
1,584,1584,kC,_UU,,Β,Ƃ₱傤
1,585,1585,kC,_UU,,,т炿傤
1,586,1586,kC,_UU,,ނ풬,ނ킿傤
1,600,1600,kC,U,,,Ђ񂱂傭
1,601,1601,kC,U,,,Ђ傤
1,602,1602,kC,U,,撬,тƂ肿傤
1,604,1604,kC,U,,V,ɂՂ傤
1,607,1607,kC,U,,Y͒,炩킿傤
1,608,1608,kC,U,,l,܂ɂ傤
1,609,1609,kC,U,,,傤
1,610,1610,kC,U,,VЂ,Ђ傤
1,630,1630,kC,\U,,,Ƃ񂱂傭
1,631,1631,kC,\U,,X,Ƃӂ傤
1,632,1632,kC,\U,,my,ق낿傤
1,633,1633,kC,\U,,my,݂ق낿傤
1,634,1634,kC,\U,,ǒ,傤
1,635,1635,kC,\U,,V,Ƃ傤
1,636,1636,kC,\U,,,݂傤
1,637,1637,kC,\U,,莺,߂ނ낿傤
1,638,1638,kC,\U,,D,ȂȂނ
1,639,1639,kC,\U,,Xʑ,ׂނ
1,641,1641,kC,\U,,,傤
1,642,1642,kC,\U,,L,Ђ남傤
1,643,1643,kC,\U,,ʒ,܂ׂ傤
1,644,1644,kC,\U,,rc,傤
1,645,1645,kC,\U,,L,Ƃ悱낿傤
1,646,1646,kC,\U,,{ʒ,قׂ傤
1,647,1647,kC,\U,,,낿傤
1,648,1648,kC,\U,,ʒ,肭ׂ傤
1,649,1649,kC,\U,,Yy,ق낿傤
1,660,1660,kC,HU,,,낻񂱂傭
1,661,1661,kC,HU,,H,낿傤
1,662,1662,kC,HU,,ݒ,傤
1,663,1663,kC,HU,,l,͂܂Ȃ傤
1,664,1664,kC,HU,,W,ׂႿ傤
1,665,1665,kC,HU,,q,Ă傤
1,667,1667,kC,HU,,ߋ,邢ނ
1,668,1668,kC,HU,,f,ʂ傤
1,690,1690,kC,U,,,˂ނ낵񂱂傭
1,691,1691,kC,U,,ʊC,ׂ傤
1,692,1692,kC,U,,WÒ,Ȃׂ傤
1,693,1693,kC,U,,WÒ,ׂ傤
1,694,1694,kC,U,,P,炤傤
1,695,1695,kC,U,,FO,ނ
1,696,1696,kC,U,,,Ƃ܂ނ
1,697,1697,kC,U,,ʑ,ׂނ
1,698,1698,kC,U,,ʑ,ׂނ
1,699,1699,kC,U,,ѓߑ,Ȃނ
1,700,1700,kC,U,,A摺,ׂƂނ
2,0,2000,X,,,,肯
2,201,2201,X,,,Xs,肵
2,202,2202,X,,,OOs,Ђ낳
2,203,2203,X,,,ˎs,͂̂ւ
2,204,2204,X,,,Ύs,낢
2,205,2205,X,,,܏쌴s,傪炵
2,206,2206,X,,,\acs,Ƃ킾
2,207,2207,X,,,Os,݂킵
2,208,2208,X,,,ނs,ނ
2,209,2209,X,,,s,邵
2,210,2210,X,,,s,Ђ炩킵
2,300,2300,X,ÌyS,,,Ђ邮
2,301,2301,X,ÌyS,,,ЂȂ܂
2,303,2303,X,ÌyS,,ʒ,܂ׂ܂
2,304,2304,X,ÌyS,,Hc,ނ
2,307,2307,X,ÌyS,,Ol,Ƃ͂܂܂
2,320,2320,X,ÌyS,,,ɂ邮
2,321,2321,X,ÌyS,,˃,܂
2,323,2323,X,ÌyS,,[Y,ӂ܂
2,340,2340,X,ÌyS,,,Ȃ邮
2,343,2343,X,ÌyS,,ډ,ɂ߂ނ
2,360,2360,X,ÌyS,,,݂Ȃ݂邮
2,361,2361,X,ÌyS,,蒬,ӂ܂
2,362,2362,X,ÌyS,,k,ɂ܂
2,367,2367,X,ÌyS,,cɊّ,ȂĂނ
2,380,2380,X,kÌyS,,,邮
2,381,2381,X,kÌyS,,,Ȃ܂
2,384,2384,X,kÌyS,,ߓc,邽܂
2,387,2387,X,kÌyS,,,Ȃǂ܂܂
2,400,2400,X,kS,,,݂
2,401,2401,X,kS,,Ӓn,̂ւ܂
2,402,2402,X,kS,,˒,̂ւ܂
2,405,2405,X,kS,,Z˒,낭̂ւ܂
2,406,2406,X,kS,,l,悱͂܂܂
2,408,2408,X,kS,,k,Ƃق܂
2,411,2411,X,kS,,Z,ނ
2,412,2412,X,kS,,点,点傤
2,420,2420,X,kS,,,
2,423,2423,X,kS,,Ԓ,܂܂
2,424,2424,X,kS,,ʑ,Ђǂނ
2,425,2425,X,kS,,ԉY,܂ނ
2,426,2426,X,kS,,䑺,ނ
2,440,2440,X,OˌS,,,̂ւ
2,441,2441,X,OˌS,,O˒,̂ւ܂
2,442,2442,X,OˌS,,܌˒,̂ւ܂
2,443,2443,X,OˌS,,cq,܂
2,445,2445,X,OˌS,,암,ȂԂ܂
2,446,2446,X,OˌS,,K㒬,݂͂傤
2,450,2450,X,OˌS,,V,񂲂ނ
3,0,3000,茧,,,,Ă
3,201,3201,茧,,,s,肨
3,202,3202,茧,,,{Îs,݂₱
3,203,3203,茧,,,Dns,ӂȂƂ
3,205,3205,茧,,,Ԋs,͂Ȃ܂
3,206,3206,茧,,,ks,݂
3,207,3207,茧,,,vs,
3,208,3208,茧,,,s,Ƃ̂
3,209,3209,茧,,,֎s,̂
3,210,3210,茧,,,Ocs,肭񂽂
3,211,3211,茧,,,Ύs,܂
3,213,3213,茧,,,ˎs,ɂ̂ւ
3,214,3214,茧,,,s,͂܂񂽂
3,215,3215,茧,,,Bs,イ
3,216,3216,茧,,,s,킵
3,300,3300,茧,S,,,Ă
3,301,3301,茧,S,,Β,傤
3,302,3302,茧,S,,,܂܂
3,303,3303,茧,S,,蒬,Ă܂
3,320,3320,茧,gS,,,킮
3,321,3321,茧,gS,,g,킿傤
3,322,3322,茧,gS,,В,͂΂傤
3,360,3360,茧,aS,,,킪
3,366,3366,茧,aS,,a꒬,ɂ킪܂
3,380,3380,茧,_S,,,킮
3,381,3381,茧,_S,,P蒬,˂傤
3,400,3400,茧,ֈS,,,ɂ킢
3,402,3402,茧,ֈS,,,Ђ炢݂傤
3,440,3440,茧,CS,,,񂮂
3,441,3441,茧,CS,,Zc,݂傤
3,460,3460,茧,ɌS,,,݂ւ
3,461,3461,茧,ɌS,,ƒ,傤
3,480,3480,茧,ɌS,,,ւ
3,482,3482,茧,ɌS,,Rc,܂܂
3,483,3483,茧,ɌS,,,킢݂傤
3,484,3484,茧,ɌS,,c씨,̂͂ނ
3,485,3485,茧,ɌS,,㑺,ӂނ
3,500,3500,茧,ˌS,,,̂ւ
3,501,3501,茧,ˌS,,yĒ,܂܂
3,503,3503,茧,ˌS,,c,̂ނ
3,506,3506,茧,ˌS,,ˑ,̂ւނ
3,507,3507,茧,ˌS,,m쒬,Ђ̂傤
3,520,3520,茧,ˌS,,,ɂ̂ւ
3,524,3524,茧,ˌS,,˒,̂ւ܂
4,0,4000,{錧,,,,݂€
4,100,4100,{錧,s,,,񂾂
4,101,4101,{錧,s,,t,΂
4,102,4102,{錧,s,,{,݂€̂
4,103,4103,{錧,s,,ы,킩΂₵
4,104,4104,{錧,s,,,͂
4,105,4105,{錧,s,,,݂
4,202,4202,{錧,,,Ίs,̂܂
4,203,4203,{錧,,,}s,܂
4,205,4205,{錧,,,Cs,ʂ܂
4,206,4206,{錧,,,Ύs,낢
4,207,4207,{錧,,,s,ȂƂ肵
4,208,4208,{錧,,,pcs,
4,209,4209,{錧,,,s,傤
4,211,4211,{錧,,,s,ʂ܂
4,212,4212,{錧,,,oĎs,Ƃ߂
4,213,4213,{錧,,,Is,͂炵
4,214,4214,{錧,,,s,Ђ܂܂
4,215,4215,{錧,,,s,
4,216,4216,{錧,,,xJs,Ƃ݂₵
4,300,4300,{錧,cS,,,
4,301,4301,{錧,cS,,,܂
4,302,4302,{錧,cS,,h,キ܂
4,320,4320,{錧,ēcS,,,΂
4,321,4321,{錧,ēcS,,͌,܂
4,322,4322,{錧,ēcS,,c,ނ炽܂
4,323,4323,{錧,ēcS,,ēc,΂܂
4,324,4324,{錧,ēcS,,蒬,킳܂
4,340,4340,{錧,ɋS,,,
4,341,4341,{錧,ɋS,,ېX,܂܂
4,360,4360,{錧,jS,,,킽肮
4,361,4361,{錧,jS,,j,킽肿傤
4,362,4362,{錧,jS,,R,܂Ƃ傤
4,400,4400,{錧,{S,,,݂€
4,401,4401,{錧,{S,,,܂܂܂
4,404,4404,{錧,{S,,l,͂܂܂
4,406,4406,{錧,{S,,{,ӂ傤
4,420,4420,{錧,S,,,납킮
4,421,4421,{錧,S,,a,킿傤
4,422,4422,{錧,S,,勽,Ƃ傤
4,424,4424,{錧,S,,t,Ђނ
4,440,4440,{錧,S,,,݂
4,444,4444,{錧,S,,F,܂傤
4,445,4445,{錧,S,,,݂܂
4,500,4500,{錧,cS,,,Ƃ
4,501,4501,{錧,cS,,OJ,킭₿傤
4,505,4505,{錧,cS,,,݂Ƃ܂
4,580,4580,{錧,S,,,
4,581,4581,{錧,S,,쒬,Ȃ킿傤
4,600,4600,{錧,{gS,,,Ƃ悵
4,606,4606,{錧,{gS,,O,݂Ȃ݂肭傤
5,0,5000,Hc,,,,
5,201,5201,Hc,,,Hcs,
5,202,5202,Hc,,,\s,̂낵
5,203,5203,Hc,,,s,悱Ă
5,204,5204,Hc,,,َs,Ă
5,206,5206,Hc,,,js,
5,207,5207,Hc,,,s,䂴킵
5,209,5209,Hc,,,ps,Â̂
5,210,5210,Hc,,,R{s,ق񂶂傤
5,211,5211,Hc,,,s,݂
5,212,5212,Hc,,,s,
5,213,5213,Hc,,,kHcs,
5,214,5214,Hc,,,ɂَs,ɂق
5,215,5215,Hc,,,ks,ڂ
5,300,5300,Hc,pS,,,Â̂
5,303,5303,Hc,pS,,⒬,܂
5,320,5320,Hc,kHcS,,,
5,327,5327,Hc,kHcS,,㏬m,݂ɂނ
5,340,5340,Hc,R{S,,,܂Ƃ
5,346,5346,Hc,R{S,,,ӂƂ܂
5,348,5348,Hc,R{S,,O풬,݂˂傤
5,349,5349,Hc,R{S,,,͂ۂ傤
5,360,5360,Hc,HcS,,,݂Ȃ݂
5,361,5361,Hc,HcS,,܏ڒ,傤߂܂
5,363,5363,Hc,HcS,,Y,͂낤܂
5,366,5366,Hc,HcS,,쒬,܂
5,368,5368,Hc,HcS,,劃,ނ
5,420,5420,Hc,kS,,,ڂ
5,434,5434,Hc,kS,,,݂Ƃ傤
5,460,5460,Hc,YS,,,
5,463,5463,Hc,YS,,H㒬,܂
5,464,5464,Hc,YS,,,ЂȂ邹ނ
6,0,6000,R`,,,,܂
6,201,6201,R`,,,R`s,܂
6,202,6202,R`,,,đs,˂킵
6,203,6203,R`,,,߉s,邨
6,204,6204,R`,,,cs,
6,205,6205,R`,,,Vs,񂶂傤
6,206,6206,R`,,,͍]s,
6,207,6207,R`,,,Rs,݂̂܂
6,208,6208,R`,,,Rs,ނ܂
6,209,6209,R`,,,s,Ȃ
6,210,6210,R`,,,Vs,Ăǂ
6,211,6211,R`,,,s,Ђ˂
6,212,6212,R`,,,ԑs,΂Ȃ킵
6,213,6213,R`,,,zs,Ȃ悤
6,300,6300,R`,RS,,,Ђނ܂
6,301,6301,R`,RS,,RӒ,܂ׂ̂܂
6,302,6302,R`,RS,,R,Ȃ܂܂
6,320,6320,R`,RS,,,ɂނ܂
6,321,6321,R`,RS,,͖k,ق傤
6,322,6322,R`,RS,,쒬,ɂ܂
6,323,6323,R`,RS,,,Ђ܂
6,324,6324,R`,RS,,],܂
6,340,6340,R`,kRS,,,ނ܂
6,341,6341,R`,kRS,,Γc,܂
6,360,6360,R`,ŏS,,,݂
6,361,6361,R`,ŏS,,R,˂܂܂
6,362,6362,R`,ŏS,,ŏ㒬,݂܂
6,363,6363,R`,ŏS,,M`,ӂȂ܂
6,364,6364,R`,ŏS,,^쒬,܂ނ낪܂
6,365,6365,R`,ŏS,,呠,ނ
6,366,6366,R`,ŏS,,쑺,ނ
6,367,6367,R`,ŏS,,ˑ,Ƃނ
6,380,6380,R`,uS,,,Ђ܂
6,381,6381,R`,uS,,,͂܂
6,382,6382,R`,uS,,쐼,ɂ܂
6,400,6400,R`,uS,,,ɂ܂
6,401,6401,R`,uS,,,ɂ܂
6,402,6402,R`,uS,,钬,炽܂
6,403,6403,R`,uS,,іL,ł܂
6,420,6420,R`,cS,,,Ђ킮
6,426,6426,R`,cS,,O쒬,݂܂
6,428,6428,R`,cS,,,傤Ȃ܂
6,460,6460,R`,OCS,,,݂
6,461,6461,R`,OCS,,V,䂴܂
7,0,7000,,,,,ӂ܂
7,201,7201,,,,s,ӂ܂
7,202,7202,,,,Îᏼs,Â킩܂
7,203,7203,,,,SRs,܂
7,204,7204,,,,킫s,킫
7,205,7205,,,,͎s,炩킵
7,207,7207,,,,{s,킵
7,208,7208,,,,쑽s,
7,209,7209,,,,ns,܂
7,210,7210,,,,{s,ɂق܂
7,211,7211,,,,cs,ނ炵
7,212,7212,,,,쑊ns,݂Ȃ݂܂
7,213,7213,,,,ɒBs,Ă
7,214,7214,,,,{{s,Ƃ݂₵
7,300,7300,,ɒBS,,,Ă
7,301,7301,,ɒBS,,Kܒ,܂
7,303,7303,,ɒBS,,,ɂ݂܂
7,308,7308,,ɒBS,,얓,܂܂
7,320,7320,,BS,,,
7,322,7322,,BS,,ʑ,܂ނ
7,340,7340,,␣S,,,킹
7,342,7342,,␣S,,Β,݂܂
7,344,7344,,␣S,,Vh,Ă񂦂ނ
7,360,7360,,ÌS,,,݂Ȃ݂Â
7,362,7362,,ÌS,,,܂
7,364,7364,,ÌS,,w},Ђ̂܂ނ
7,367,7367,,ÌS,,,݂܂
7,368,7368,,ÌS,,Ò,݂Ȃ݂Â܂
7,400,7400,,떃S,,,܂
7,402,7402,,떃S,,k,΂ނ
7,405,7405,,떃S,,Ò,ɂÂ܂
7,407,7407,,떃S,,֒,΂񂾂܂
7,408,7408,,떃S,,c㒬,Ȃ킵܂
7,420,7420,,͏S,,,ʂ܂
7,421,7421,,͏S,,Í≺,Â΂񂰂܂
7,422,7422,,͏S,,쑺,䂪ނ
7,423,7423,,͏S,,Ò,ȂÂ܂
7,440,7440,,S,,,ʂ܂
7,444,7444,,S,,O,݂܂܂
7,445,7445,,S,,R,˂܂܂
7,446,7446,,S,,a,傤ނ
7,447,7447,,S,,Ô,Â݂Ƃ܂
7,460,7460,,͌S,,,ɂ炩킮
7,461,7461,,͌S,,,ɂނ
7,464,7464,,͌S,,葺,݂ނ
7,465,7465,,͌S,,,Ȃ܂ނ
7,466,7466,,͌S,,,Ԃ܂
7,480,7480,,S,,,Ђ炩킮
7,481,7481,,S,,Iq,Ȃ܂
7,482,7482,,S,,Ւ,܂܂
7,483,7483,,S,,,͂Ȃ܂
7,484,7484,,S,,L쑺,߂ނ
7,500,7500,,ΐS,,,킮
7,501,7501,,ΐS,,ΐ쒬,܂
7,502,7502,,ΐS,,ʐ쑺,܂ނ
7,503,7503,,ΐS,,c,Ђ炽ނ
7,504,7504,,ΐS,,쒬,܂
7,505,7505,,ΐS,,Óa,ӂǂ̂܂
7,520,7520,,cS,,,ނ炮
7,521,7521,,cS,,Ot,݂͂܂
7,522,7522,,cS,,쒬,̂܂
7,540,7540,,otS,,,ӂ΂
7,541,7541,,otS,,L쒬,Ђ̂܂
7,542,7542,,otS,,t,Ȃ͂܂
7,543,7543,,otS,,x,Ƃ݂܂
7,544,7544,,otS,,,키ނ
7,545,7545,,otS,,F,܂܂
7,546,7546,,otS,,ot,ӂ΂܂
7,547,7547,,otS,,Q],Ȃ݂܂
7,548,7548,,otS,,,炨ނ
7,560,7560,,nS,,,܂
7,561,7561,,nS,,Vn,񂿂܂
7,564,7564,,nS,,ъڑ,Ăނ
8,0,8000,錧,,,,΂炫
8,201,8201,錧,,,ˎs,݂Ƃ
8,202,8202,錧,,,s,Ђ
8,203,8203,錧,,,yYs,炵
8,204,8204,錧,,,É͎s,
8,205,8205,錧,,,Ήs,
8,207,8207,錧,,,s,䂤
8,208,8208,錧,,,Ps,イ
8,210,8210,錧,,,Ȏs,܂
8,211,8211,錧,,,푍s,傤
8,212,8212,錧,,,헤cs,Ђ
8,214,8214,錧,,,s,͂
8,215,8215,錧,,,ks,΂炫
8,216,8216,錧,,,}Ԏs,܂
8,217,8217,錧,,,s,Ƃł
8,219,8219,錧,,,vs,
8,220,8220,錧,,,Ύs,΂
8,221,8221,錧,,,ЂȂs,ЂȂ
8,222,8222,錧,,,s,܂
8,223,8223,錧,,,s,
8,224,8224,錧,,,Js,₵
8,225,8225,錧,,,헤{s,Ђ݂₵
8,226,8226,錧,,,߉ώs,Ȃ
8,227,8227,錧,,,}s,
8,228,8228,錧,,,Ⓦs,΂ǂ
8,229,8229,錧,,,~s,Ȃ
8,230,8230,錧,,,݂s,݂炵
8,231,8231,錧,,,s,炪킵
8,232,8232,錧,,,_s,݂
8,233,8233,錧,,,ss,Ȃ߂
8,234,8234,錧,,,gcs,ق
8,235,8235,錧,,,΂݂炢s,΂݂炢
8,236,8236,錧,,,ʎs,݂܂
8,300,8300,錧,S,,,Ђ΂炫
8,302,8302,錧,S,,钬,΂炫܂
8,309,8309,錧,S,,,炢܂
8,310,8310,錧,S,,闢,낳Ƃ܂
8,340,8340,錧,߉όS,,,Ȃ
8,341,8341,錧,߉όS,,C,Ƃނ
8,360,8360,錧,vS,,,
8,364,8364,錧,vS,,q,܂
8,440,8440,錧,~S,,,Ȃ
8,442,8442,錧,~S,,Y,݂قނ
8,443,8443,錧,~S,,,݂܂
8,447,8447,錧,~S,,͓,킿܂
8,520,8520,錧,S,,,䂤
8,521,8521,錧,S,,㒬,₿܂
8,540,8540,錧,S,,,܂
8,542,8542,錧,S,,܉,܂
8,546,8546,錧,S,,,܂
8,560,8560,錧,knS,,,܂
8,564,8564,錧,knS,,,Ƃ˂܂
9,0,9000,Ȗ،,,,,Ƃ
9,201,9201,Ȗ،,,,Fs{s,݂̂₵
9,202,9202,Ȗ،,,,s,
9,203,9203,Ȗ،,,,Ȗ؎s,Ƃ
9,204,9204,Ȗ،,,,s,̂
9,205,9205,Ȗ،,,,s,ʂ܂
9,206,9206,Ȗ،,,,s,ɂ
9,208,9208,Ȗ،,,,Rs,܂
9,209,9209,Ȗ،,,,^s,
9,210,9210,Ȗ،,,,cs,炵
9,211,9211,Ȗ،,,,s,₢
9,213,9213,Ȗ،,,,ߐ{s,Ȃ΂炵
9,214,9214,Ȗ،,,,s,炵
9,215,9215,Ȗ،,,,ߐ{GRs,Ȃ炷܂
9,216,9216,Ȗ،,,,s,
9,300,9300,Ȗ،,͓S,,,킿
9,301,9301,Ȗ،,͓S,,O쒬,݂̂܂
9,340,9340,Ȗ،,FS,,,͂
9,342,9342,Ȗ،,FS,,vq,܂܂
9,343,9343,Ȗ،,FS,,Ζؒ,Ă܂
9,344,9344,Ȗ،,FS,,sL,܂
9,345,9345,Ȗ،,FS,,F꒬,͂܂
9,360,9360,Ȗ،,sS,,,
9,361,9361,Ȗ،,sS,,p,݂Ԃ܂
9,364,9364,Ȗ،,sS,,ؒ,̂܂
9,380,9380,Ȗ،,JS,,,₮
9,384,9384,Ȗ،,JS,,J,܂
9,386,9386,Ȗ،,JS,,,˂܂
9,400,9400,Ȗ،,ߐ{S,,,Ȃ
9,407,9407,Ȗ،,ߐ{S,,ߐ{,Ȃ܂
9,411,9411,Ȗ،,ߐ{S,,߉ϐ쒬,Ȃ܂
10,0,10000,Qn,,,,܂
10,201,10201,Qn,,,Os,܂΂
10,202,10202,Qn,,,s,
10,203,10203,Qn,,,ːs,イ
10,204,10204,Qn,,,ɐs,
10,205,10205,Qn,,,cs,
10,206,10206,Qn,,,cs,ʂ܂
10,207,10207,Qn,,,ٗюs,Ă΂₵
10,208,10208,Qn,,,as,Ԃ킵
10,209,10209,Qn,,,s,ӂ
10,210,10210,Qn,,,xs,Ƃ݂
10,211,10211,Qn,,,s,Ȃ
10,212,10212,Qn,,,݂ǂs,݂ǂ肵
10,340,10340,Qn,kQnS,,,܂
10,344,10344,Qn,kQnS,,Y,Ƃނ
10,345,10345,Qn,kQnS,,g,悵܂
10,360,10360,Qn,S,,,̂
10,366,10366,Qn,S,,쑺,̂ނ
10,367,10367,Qn,S,,_,Ȃ܂
10,380,10380,Qn,ÊyS,,,炮
10,382,10382,Qn,ÊyS,,mc,ɂ܂
10,383,10383,Qn,ÊyS,,q,Ȃނ
10,384,10384,Qn,ÊyS,,Êy,܂
10,420,10420,Qn,ȌS,,,܂
10,421,10421,Qn,ȌS,,V,Ȃ̂傤܂
10,424,10424,Qn,ȌS,,쌴,Ȃ̂͂܂
10,425,10425,Qn,ȌS,,ڗ,܂ނ
10,426,10426,Qn,ȌS,,Ò,܂
10,428,10428,Qn,ȌS,,R,܂ނ
10,429,10429,Qn,ȌS,,Ȓ,Ђ܂܂
10,440,10440,Qn,S,,,Ƃ˂
10,443,10443,Qn,S,,Еi,Ȃނ
10,444,10444,Qn,S,,ꑺ,΂ނ
10,448,10448,Qn,S,,a,傤ނ
10,449,10449,Qn,S,,݂Ȃݒ,݂Ȃ݂܂
10,460,10460,Qn,gS,,,킮
10,464,10464,Qn,gS,,ʑ,܂ނ܂
10,520,10520,Qn,WyS,,,炮
10,521,10521,Qn,WyS,,q,܂
10,522,10522,Qn,WyS,,a,߂܂
10,523,10523,Qn,WyS,,c,悾܂
10,524,10524,Qn,WyS,,,݂܂
10,525,10525,Qn,WyS,,Wy,܂
11,0,11000,ʌ,,,,܂
11,100,11100,ʌ,܎s,,,܂
11,101,11101,ʌ,܎s,,,ɂ
11,102,11102,ʌ,܎s,,k,
11,103,11103,ʌ,܎s,,{,݂₭
11,104,11104,ʌ,܎s,,,݂ʂ܂
11,105,11105,ʌ,܎s,,,イ
11,106,11106,ʌ,܎s,,,炭
11,107,11107,ʌ,܎s,,Ya,킭
11,108,11108,ʌ,܎s,,,݂Ȃ݂
11,109,11109,ʌ,܎s,,΋,݂ǂ肭
11,110,11110,ʌ,܎s,,΋,
11,201,11201,ʌ,,,zs,킲
11,202,11202,ʌ,,,FJs,܂₵
11,203,11203,ʌ,,,s,킮
11,206,11206,ʌ,,,scs,傤
11,207,11207,ʌ,,,s,Ԃ
11,208,11208,ʌ,,,s,Ƃ내킵
11,209,11209,ʌ,,,є\s,͂̂
11,210,11210,ʌ,,,{s,
11,211,11211,ʌ,,,{s,ق񂶂傤
11,212,11212,ʌ,,,Rs,Ђ܂܂
11,214,11214,ʌ,,,ts,ׂ
11,215,11215,ʌ,,,Rs,܂
11,216,11216,ʌ,,,Hs,͂ɂイ
11,217,11217,ʌ,,,s,̂
11,218,11218,ʌ,,,[Js,ӂ₵
11,219,11219,ʌ,,,s,
11,221,11221,ʌ,,,s,
11,222,11222,ʌ,,,zJs,₵
11,223,11223,ʌ,,,ns,т
11,224,11224,ʌ,,,˓cs,Ƃ
11,225,11225,ʌ,,,Ԏs,܂
11,227,11227,ʌ,,,s,
11,228,11228,ʌ,,,u؎s,
11,229,11229,ʌ,,,as,킱
11,230,11230,ʌ,,,Vs,ɂ
11,231,11231,ʌ,,,s,킵
11,232,11232,ʌ,,,vs,
11,233,11233,ʌ,,,k{s,Ƃ
11,234,11234,ʌ,,,s,₵
11,235,11235,ʌ,,,xms,ӂ݂
11,237,11237,ʌ,,,Os,݂Ƃ
11,238,11238,ʌ,,,@cs,͂
11,239,11239,ʌ,,,ˎs,ǂ
11,240,11240,ʌ,,,Ks,Ă
11,241,11241,ʌ,,,߃s,邪܂
11,242,11242,ʌ,,,s,Ђ
11,243,11243,ʌ,,,gs,悵킵
11,245,11245,ʌ,,,ӂݖs,ӂ݂̂
11,246,11246,ʌ,,,s,炨
11,300,11300,ʌ,kS,,,
11,301,11301,ʌ,kS,,ɓޒ,Ȃ܂
11,320,11320,ʌ,ԌS,,,܂
11,324,11324,ʌ,ԌS,,OF,݂悵܂
11,326,11326,ʌ,ԌS,,јCR,܂܂
11,327,11327,ʌ,ԌS,,z,܂
11,340,11340,ʌ,S,,,Ђ
11,341,11341,ʌ,S,,쒬,Ȃ߂܂
11,342,11342,ʌ,S,,R,񂴂܂
11,343,11343,ʌ,S,,쒬,܂
11,346,11346,ʌ,S,,쓇,킶܂܂
11,347,11347,ʌ,S,,g,悵݂܂
11,348,11348,ʌ,S,,R,͂Ƃ܂܂
11,349,11349,ʌ,S,,Ƃ풬,Ƃ܂
11,360,11360,ʌ,S,,,Ԃ
11,361,11361,ʌ,S,,,悱܂
11,362,11362,ʌ,S,,F쒬,݂Ȃ̂܂
11,363,11363,ʌ,S,,Ғ,ȂƂ܂
11,365,11365,ʌ,S,,쒬,̂܂
11,369,11369,ʌ,S,,,ЂԂނ
11,380,11380,ʌ,ʌS,,,܂
11,381,11381,ʌ,ʌS,,,݂Ƃ܂
11,383,11383,ʌ,ʌS,,_쒬,݂܂
11,385,11385,ʌ,ʌS,,㗢,݂Ƃ܂
11,400,11400,ʌ,嗢S,,,Ƃ
11,408,11408,ʌ,嗢S,,񋏒,肢܂
11,440,11440,ʌ,ʌS,,,݂Ȃ݂܂
11,442,11442,ʌ,ʌS,,{㒬,݂₵܂
11,460,11460,ʌ,kS,,,
11,464,11464,ʌ,kS,,˒,Ƃ܂
11,465,11465,ʌ,kS,,,܂Ԃ܂
12,0,12000,t,,,,΂
12,100,12100,t,ts,,,΂
12,101,12101,t,ts,,,イ
12,102,12102,t,ts,,Ԍ,͂Ȃ݂킭
12,103,12103,t,ts,,ы,Ȃ
12,104,12104,t,ts,,t,킩΂
12,105,12105,t,ts,,΋,݂ǂ肭
12,106,12106,t,ts,,l,݂͂܂
12,202,12202,t,,,qs,傤
12,203,12203,t,,,ss,킵
12,204,12204,t,,,Ds,ӂȂ΂
12,205,12205,t,,,َRs,Ă܂
12,206,12206,t,,,؍XÎs,Â
12,207,12207,t,,,ˎs,܂ǂ
12,208,12208,t,,,cs,̂
12,210,12210,t,,,Όs,΂炵
12,211,12211,t,,,cs,Ȃ肽
12,212,12212,t,,,qs,炵
12,213,12213,t,,,s,Ƃ˂
12,215,12215,t,,,s,Ђ
12,216,12216,t,,,Kus,Ȃ炵̂
12,217,12217,t,,,s,킵
12,218,12218,t,,,Ys,炵
12,219,12219,t,,,ss,͂炵
12,220,12220,t,,,Rs,Ȃ܂
12,221,12221,t,,,s,₿悵
12,222,12222,t,,,䑷qs,т
12,223,12223,t,,,s,킵
12,224,12224,t,,,PJs,܂₵
12,225,12225,t,,,NÎs,݂
12,226,12226,t,,,xÎs,ӂ
12,227,12227,t,,,Ys,₷
12,228,12228,t,,,lXs,ǂ
12,229,12229,t,,,PYs,ł炵
12,230,12230,t,,,Xs,₿܂
12,231,12231,t,,,󐼎s,񂴂
12,232,12232,t,,,s,낢
12,233,12233,t,,,xs,Ƃ݂Ƃ
12,234,12234,t,,,[s,݂Ȃ݂ڂ
12,235,12235,t,,,xs,
12,236,12236,t,,,s,Ƃ肵
12,237,12237,t,,,Rs,ނ
12,238,12238,t,,,ݎs,݂
12,239,12239,t,,,Ԕs,݂炳Ƃ
12,320,12320,t,׌S,,,΂
12,322,12322,t,׌S,,X䒬,܂
12,329,12329,t,׌S,,h,܂
12,340,12340,t,S,,,Ƃ肮
12,342,12342,t,S,,_蒬,܂
12,347,12347,t,S,,Ò,܂
12,349,12349,t,S,,,Ƃ̂傤܂
12,400,12400,t,RS,,,Ԃ
12,403,12403,t,RS,,\㗢,イ܂
12,409,12409,t,RS,,ŎR,΂܂܂
12,410,12410,t,RS,,Ō,悱΂Ђ܂
12,420,12420,t,S,,,傤
12,421,12421,t,S,,{,݂̂܂
12,422,12422,t,S,,r,ނ܂
12,423,12423,t,S,,,傤ނ
12,424,12424,t,S,,q,炱܂
12,426,12426,t,S,,,Ȃ܂
12,427,12427,t,S,,쒬,傤Ȃ܂
12,440,12440,t,΋S,,,݂
12,441,12441,t,΋S,,命쒬,܂
12,443,12443,t,΋S,,h,񂶂キ܂
12,460,12460,t,[S,,,킮
12,463,12463,t,[S,,쒬,Ȃ܂
13,0,13000,s,,,,Ƃ傤
13,100,13100,s,ʋ敔,,,
13,101,13101,s,,,c,悾
13,102,13102,s,,,,イ
13,103,13103,s,,,`,݂ȂƂ
13,104,13104,s,,,Vh,񂶂キ
13,105,13105,s,,,,Ԃ񂫂傤
13,106,13106,s,,,䓌,Ƃ
13,107,13107,s,,,nc,݂
13,108,13108,s,,,],Ƃ
13,109,13109,s,,,i,Ȃ킭
13,110,13110,s,,,ڍ,߂낭
13,111,13111,s,,,c,
13,112,13112,s,,,cJ,₭
13,113,13113,s,,,aJ,Ԃ₭
13,114,13114,s,,,,Ȃ̂
13,115,13115,s,,,,Ȃ݂
13,116,13116,s,,,L,Ƃ܂
13,117,13117,s,,,k,
13,118,13118,s,,,r,炩킭
13,119,13119,s,,,,΂
13,120,13120,s,,,n,˂܂
13,121,13121,s,,,,
13,122,13122,s,,,,
13,123,13123,s,,,]ː,ǂ킭
13,201,13201,s,,,qs,͂
13,202,13202,s,,,s,킵
13,203,13203,s,,,s,ނ̂
13,204,13204,s,,,Os,݂
13,205,13205,s,,,~s,߂
13,206,13206,s,,,{s,ӂイ
13,207,13207,s,,,s,܂
13,208,13208,s,,,zs,傤ӂ
13,209,13209,s,,,cs,܂
13,210,13210,s,,,s,˂
13,211,13211,s,,,s,炵
13,212,13212,s,,,s,Ђ̂
13,213,13213,s,,,Rs,Ђނ܂
13,214,13214,s,,,s,Ԃ񂶂
13,215,13215,s,,,s,ɂ
13,218,13218,s,,,s,ӂ
13,219,13219,s,,,]s,܂
13,220,13220,s,,,as,Ђ܂Ƃ
13,221,13221,s,,,s,悹
13,222,13222,s,,,vĎs,Ђ߂
13,223,13223,s,,,Rs,ނނ܂
13,224,13224,s,,,s,܂
13,225,13225,s,,,s,Ȃ
13,227,13227,s,,,Hs,͂ނ炵
13,228,13228,s,,,s,̂
13,229,13229,s,,,s,ɂƂ傤
13,300,13300,s,S,,,ɂ܂
13,303,13303,s,S,,䒬,݂ق܂
13,305,13305,s,S,,̏o,Ђ̂ł܂
13,307,13307,s,S,,w,Ђ̂͂ނ
13,308,13308,s,S,,,܂܂
13,360,13360,s,哇x,,,܂傤
13,361,13361,s,哇x,,哇,܂܂
13,362,13362,s,哇x,,,Ƃ܂ނ
13,363,13363,s,哇x,,V,ɂ܂ނ
13,364,13364,s,哇x,,_Ó,Â܂ނ
13,380,13380,s,Ox,,,݂₯傤
13,381,13381,s,Ox,,O,݂₯ނ
13,382,13382,s,Ox,,䑠,݂炶܂ނ
13,400,13400,s,x,,,͂傤傤
13,401,13401,s,x,,䒬,͂傤܂
13,402,13402,s,x,,,܂ނ
13,420,13420,s,}x,,,炵傤
13,421,13421,s,}x,,},ނ
14,0,14000,_ސ쌧,,,,Ȃ킯
14,100,14100,_ސ쌧,ls,,,悱͂܂
14,101,14101,_ސ쌧,ls,,ߌ,݂
14,102,14102,_ސ쌧,ls,,_ސ,Ȃ킭
14,103,14103,_ސ쌧,ls,,,ɂ
14,104,14104,_ސ쌧,ls,,,Ȃ
14,105,14105,_ސ쌧,ls,,,݂Ȃ݂
14,106,14106,_ސ쌧,ls,,ۓyPJ,قǂ₭
14,107,14107,_ސ쌧,ls,,q,
14,108,14108,_ސ쌧,ls,,,Ȃ킭
14,109,14109,_ސ쌧,ls,,`k,ق
14,110,14110,_ސ쌧,ls,,˒ˋ,Ƃ
14,111,14111,_ސ쌧,ls,,`,Ȃ
14,112,14112,_ސ쌧,ls,,,Ђ
14,113,14113,_ސ쌧,ls,,΋,݂ǂ肭
14,114,14114,_ސ쌧,ls,,J,₭
14,115,14115,_ސ쌧,ls,,h,
14,116,14116,_ސ쌧,ls,,,݂
14,117,14117,_ސ쌧,ls,,t,΂
14,118,14118,_ސ쌧,ls,,s},Â
14,130,14130,_ސ쌧,s,,,킳
14,131,14131,_ސ쌧,s,,,킳
14,132,14132,_ސ쌧,s,,K,킢
14,133,14133,_ސ쌧,s,,,Ȃ͂炭
14,134,14134,_ސ쌧,s,,Ë,
14,135,14135,_ސ쌧,s,,,܂
14,136,14136,_ސ쌧,s,,{O,݂܂
14,137,14137,_ސ쌧,s,,,
14,150,14150,_ސ쌧,͌s,,,݂͂炵
14,151,14151,_ސ쌧,͌s,,΋,݂ǂ肭
14,152,14152,_ސ쌧,͌s,,,イ
14,153,14153,_ސ쌧,͌s,,,݂Ȃ݂
14,201,14201,_ސ쌧,,,{s,悱
14,203,14203,_ސ쌧,,,ˎs,Ђ
14,204,14204,_ސ쌧,,,qs,܂炵
14,205,14205,_ސ쌧,,,s,ӂ킵
14,206,14206,_ސ쌧,,,cs,炵
14,207,14207,_ސ쌧,,,s,
14,208,14208,_ސ쌧,,,qs,
14,210,14210,_ސ쌧,,,OYs,݂炵
14,211,14211,_ސ쌧,,,`s,͂̂
14,212,14212,_ސ쌧,,,؎s,
14,213,14213,_ސ쌧,,,as,܂Ƃ
14,214,14214,_ސ쌧,,,ɐs,͂炵
14,215,14215,_ސ쌧,,,CVs,тȂ
14,216,14216,_ސ쌧,,,Ԏs,܂
14,217,14217,_ސ쌧,,,쑫s,݂Ȃ݂炵
14,218,14218,_ސ쌧,,,s,₹
14,300,14300,_ސ쌧,OYS,,,݂炮
14,301,14301,_ސ쌧,OYS,,tR,͂܂܂
14,320,14320,_ސ쌧,S,,,
14,321,14321,_ސ쌧,S,,쒬,ނ܂
14,340,14340,_ސ쌧,S,,,Ȃ
14,341,14341,_ސ쌧,S,,钬,܂
14,342,14342,_ސ쌧,S,,{,ɂ݂̂܂
14,360,14360,_ސ쌧,S,,,炩݂
14,361,14361,_ސ쌧,S,,䒬,Ȃ܂
14,362,14362,_ސ쌧,S,,䒬,܂
14,363,14363,_ސ쌧,S,,c,܂܂
14,364,14364,_ސ쌧,S,,Rk,܂܂
14,366,14366,_ސ쌧,S,,J,܂
14,380,14380,_ސ쌧,S,,,炵
14,382,14382,_ސ쌧,S,,,͂˂܂
14,383,14383,_ސ쌧,S,,^ߒ,܂ȂÂ܂
14,384,14384,_ސ쌧,S,,͌,䂪܂
14,400,14400,_ސ쌧,bS,,,
14,401,14401,_ސ쌧,bS,,쒬,܂
14,402,14402,_ސ쌧,bS,,쑺,悩ނ
15,0,15000,V,,,,ɂ
15,100,15100,V,Vs,,,ɂ
15,101,15101,V,Vs,,k,
15,102,15102,V,Vs,,,Ђ
15,103,15103,V,Vs,,,イ
15,104,15104,V,Vs,,],Ȃ
15,105,15105,V,Vs,,Ht,͂
15,106,15106,V,Vs,,,݂Ȃ݂
15,107,15107,V,Vs,,,ɂ
15,108,15108,V,Vs,,,ɂ
15,202,15202,V,,,s,Ȃ
15,204,15204,V,,,Os,񂶂傤
15,205,15205,V,,,s,킴
15,206,15206,V,,,Vcs,΂
15,208,15208,V,,,Js,₵
15,209,15209,V,,,Ύs,
15,210,15210,V,,,\s,Ƃ܂
15,211,15211,V,,,s,݂
15,212,15212,V,,,s,ނ炩݂
15,213,15213,V,,,s,΂߂
15,216,15216,V,,,s,Ƃ킵
15,217,15217,V,,,s,݂傤
15,218,15218,V,,,ܐs,
15,222,15222,V,,,zs,傤
15,223,15223,V,,,s,̂
15,224,15224,V,,,ns,ǂ
15,225,15225,V,,,s,ʂ܂
15,226,15226,V,,,싛s,݂Ȃ݂ʂ܂
15,227,15227,V,,,ٓs,Ȃ
15,300,15300,V,kS,,,΂炮
15,307,15307,V,kS,,Ē,낤܂
15,340,15340,V,S,,,ɂ΂炮
15,342,15342,V,S,,F,Ђނ
15,360,15360,V,슗S,,,݂Ȃ݂΂炮
15,361,15361,V,슗S,,c㒬,݂܂
15,380,15380,V,S,,,Ђ΂炮
15,385,15385,V,S,,꒬,܂
15,400,15400,V,OS,,,Ƃ
15,405,15405,V,OS,,o_蒬,܂
15,460,15460,V,싛S,,,݂Ȃ݂ʂ܂
15,461,15461,V,싛S,,,䂴܂
15,480,15480,V,S,,,Ȃʂ܂
15,482,15482,V,S,,Ó쒬,Ȃ܂
15,500,15500,V,HS,,,킮
15,504,15504,V,HS,,H,ނ
15,580,15580,V,DS,,,ӂ˂
15,581,15581,V,DS,,֐쑺,ނ
15,586,15586,V,DS,,Y,킵܂ނ
16,0,16000,xR,,,,Ƃ܂
16,201,16201,xR,,,xRs,Ƃ܂
16,202,16202,xR,,,s,
16,204,16204,xR,,,Îs,Â
16,205,16205,xR,,,Xs,Ђ݂
16,206,16206,xR,,,s,Ȃ߂肩킵
16,207,16207,xR,,,s,ׂ
16,208,16208,xR,,,vgs,ƂȂ݂
16,209,16209,xR,,,s,ׂ
16,210,16210,xR,,,vs,ȂƂ
16,211,16211,xR,,,ːs,݂
16,320,16320,xR,VS,,,Ȃɂ킮
16,321,16321,xR,VS,,M,ӂȂ͂ނ
16,322,16322,xR,VS,,s,݂܂
16,323,16323,xR,VS,,R,Ă܂܂
16,340,16340,xR,VS,,,ɂ킮
16,342,16342,xR,VS,,P,ɂイ܂
16,343,16343,xR,VS,,,Ђ܂
17,0,17000,ΐ쌧,,,,킯
17,201,17201,ΐ쌧,,,s,Ȃ킵
17,202,17202,ΐ쌧,,,s,ȂȂ
17,203,17203,ΐ쌧,,,s,܂
17,204,17204,ΐ쌧,,,֓s,킶܂
17,205,17205,ΐ쌧,,,Fs,
17,206,17206,ΐ쌧,,,s,
17,207,17207,ΐ쌧,,,Hs,͂
17,209,17209,ΐ쌧,,,قs,ق
17,210,17210,ΐ쌧,,,Rs,͂
17,211,17211,ΐ쌧,,,\s,݂̂
17,212,17212,ΐ쌧,,,Xss,̂̂
17,320,17320,ΐ쌧,\S,,,݂̂
17,324,17324,ΐ쌧,\S,,k,킫܂
17,360,17360,ΐ쌧,͖kS,,,ق
17,361,17361,ΐ쌧,͖kS,,Ô,΂܂
17,365,17365,ΐ쌧,͖kS,,咬,Ȃ܂
17,380,17380,ΐ쌧,HS,,,͂
17,384,17384,ΐ쌧,HS,,u꒬,܂
17,386,17386,ΐ쌧,HS,,Bu,ق݂傤
17,400,17400,ΐ쌧,S,,,܂
17,407,17407,ΐ쌧,S,,\o,Ȃ̂Ƃ܂
17,460,17460,ΐ쌧,PS,,,ق
17,461,17461,ΐ쌧,PS,,,Ȃ݂܂
17,463,17463,ΐ쌧,PS,,\o,̂Ƃ傤
18,0,18000,䌧,,,,ӂ
18,201,18201,䌧,,,s,ӂ
18,202,18202,䌧,,,։s,邪
18,204,18204,䌧,,,ls,΂܂
18,205,18205,䌧,,,s,̂
18,206,18206,䌧,,,Rs,܂
18,207,18207,䌧,,,I]s,΂
18,208,18208,䌧,,,s,炵
18,209,18209,䌧,,,zOs,
18,210,18210,䌧,,,s,
18,320,18320,䌧,gcS,,,悵
18,322,18322,䌧,gcS,,i,ւ傤
18,380,18380,䌧,S,,,܂Ă
18,382,18382,䌧,S,,rc,傤
18,400,18400,䌧,S,,,Ȃ񂶂傤
18,404,18404,䌧,S,,zO,݂Ȃ݂񂿂傤
18,420,18420,䌧,OS,,,ɂイ
18,423,18423,䌧,OS,,zO,񂿂傤
18,440,18440,䌧,OS,,,݂
18,442,18442,䌧,OS,,l,݂͂܂傤
18,480,18480,䌧,ьS,,,
18,481,18481,䌧,ьS,,l,͂܂傤
18,483,18483,䌧,ьS,,,傤
18,500,18500,䌧,O㒆S,,,݂݂Ȃ
18,501,18501,䌧,O㒆S,,ዷ,킩傤
19,0,19000,R,,,,܂Ȃ
19,201,19201,R,,,b{s,ӂ
19,202,19202,R,,,xmgcs,ӂ悵
19,204,19204,R,,,ss,邵
19,205,19205,R,,,Rs,܂Ȃ
19,206,19206,R,,,匎s,
19,207,19207,R,,,Bs,ɂ炳
19,208,19208,R,,,AvXs,݂Ȃ݂Ղ
19,209,19209,R,,,kms,قƂ
19,210,19210,R,,,bs,
19,211,19211,R,,,Js,ӂӂ
19,212,19212,R,,,쌴s,̂͂炵
19,213,19213,R,,,bBs,イ
19,214,19214,R,,,s,イ
19,340,19340,R,S,,,ɂ낮
19,346,19346,R,S,,sO,݂Ƃ傤
19,360,19360,R,싐S,,,݂Ȃ݂܂
19,364,19364,R,싐S,,쒬,͂₩킿傤
19,365,19365,R,싐S,,g,݂̂Ԃ傤
19,366,19366,R,싐S,,암,ȂԂ傤
19,368,19368,R,싐S,,xm쒬,ӂ킿傤
19,380,19380,R,S,,,Ȃ܂
19,384,19384,R,S,,a,傤킿傤
19,420,19420,R,sS,,,݂Ȃ݂邮
19,422,19422,R,sS,,u,ǂނ
19,423,19423,R,sS,,j,ɂ炿傤
19,424,19424,R,sS,,E쑺,̂ނ
19,425,19425,R,sS,,RΑ,܂Ȃނ
19,429,19429,R,sS,,,Ȃ邳ނ
19,430,19430,R,sS,,xm͌Β,ӂ킮܂
19,440,19440,R,ksS,,,邮
19,442,19442,R,ksS,,,ނ
19,443,19443,R,ksS,,OgR,΂܂ނ
20,0,20000,쌧,,,,Ȃ̂
20,201,20201,쌧,,,s,Ȃ̂
20,202,20202,쌧,,,{s,܂Ƃ
20,203,20203,쌧,,,cs,
20,204,20204,쌧,,,Js,₵
20,205,20205,쌧,,,ѓcs,
20,206,20206,쌧,,,zKs,킵
20,207,20207,쌧,,,{s,
20,208,20208,쌧,,,s,낵
20,209,20209,쌧,,,ɓߎs,Ȃ
20,210,20210,쌧,,,s,܂˂
20,211,20211,쌧,,,s,Ȃ̂
20,212,20212,쌧,,,咬s,܂
20,213,20213,쌧,,,юRs,܂
20,214,20214,쌧,,,s,̂
20,215,20215,쌧,,,Ks,肵
20,217,20217,쌧,,,vs,
20,218,20218,쌧,,,Ȏs,܂
20,219,20219,쌧,,,s,Ƃ݂
20,220,20220,쌧,,,ܖs,Â݂̂
20,300,20300,쌧,썲vS,,,݂Ȃ݂
20,303,20303,쌧,썲vS,,C,݂܂
20,304,20304,쌧,썲vS,,㑺,킩݂ނ
20,305,20305,쌧,썲vS,,q,݂Ȃ݂܂ނ
20,306,20306,쌧,썲vS,,쑊ؑ,݂Ȃ݂ނ
20,307,20307,쌧,썲vS,,kؑ,ނ
20,309,20309,쌧,썲vS,,v䒬,ق܂
20,320,20320,쌧,kvS,,,
20,321,20321,쌧,kvS,,y,邢܂
20,323,20323,쌧,kvS,,c,݂悽܂
20,324,20324,쌧,kvS,,Ȓ,ĂȂ܂
20,340,20340,쌧,S,,,
20,349,20349,쌧,S,,ؑ,ނ
20,350,20350,쌧,S,,a,Ȃ܂
20,360,20360,쌧,zKS,,,킮
20,361,20361,쌧,zKS,,zK,܂
20,362,20362,쌧,zKS,,xm,ӂ݂܂
20,363,20363,쌧,zKS,,,͂ނ
20,380,20380,쌧,ɓߌS,,,݂Ȃ
20,382,20382,쌧,ɓߌS,,C쒬,̂܂
20,383,20383,쌧,ɓߌS,,֒,݂̂܂
20,384,20384,쌧,ɓߌS,,ѓ,܂܂
20,385,20385,쌧,ɓߌS,,얥֑,݂Ȃ݂݂̂ނ
20,386,20386,쌧,ɓߌS,,쑺,Ȃނ
20,388,20388,쌧,ɓߌS,,{c,݂₾ނ
20,400,20400,쌧,ɓߌS,,,Ȃ
20,402,20402,쌧,ɓߌS,,쒬,܂܂
20,403,20403,쌧,ɓߌS,,X,܂
20,404,20404,쌧,ɓߌS,,쒬,Ȃ񂿂傤
20,407,20407,쌧,ɓߌS,,q,ނ
20,409,20409,쌧,ɓߌS,,J,Ђނ
20,410,20410,쌧,ɓߌS,,H,˂΂ނ
20,411,20411,쌧,ɓߌS,,,傤ނ
20,412,20412,쌧,ɓߌS,,ؑ,邬ނ
20,413,20413,쌧,ɓߌS,,V,Ăイނ
20,414,20414,쌧,ɓߌS,,ו,₷ނ
20,415,20415,쌧,ɓߌS,,ؑ,ނ
20,416,20416,쌧,ɓߌS,,Lu,Ƃ您ނ
20,417,20417,쌧,ɓߌS,,厭,ނ
20,420,20420,쌧,ؑ]S,,,
20,422,20422,쌧,ؑ]S,,㏼,܂܂
20,423,20423,쌧,ؑ]S,,ؑ],Ȃ܂
20,425,20425,쌧,ؑ]S,,ؑc,ނ
20,429,20429,쌧,ؑ]S,,ꑺ,ނ
20,430,20430,쌧,ؑ]S,,K,ނ
20,432,20432,쌧,ؑ]S,,ؑ],܂
20,440,20440,쌧,}S,,,Ђ܂
20,446,20446,쌧,}S,,ё,݂ނ
20,448,20448,쌧,}S,,⑺,ނ
20,450,20450,쌧,}S,,R`,܂ނ
20,451,20451,쌧,}S,,,Ђނ
20,452,20452,쌧,}S,,}k,قނ
20,480,20480,쌧,k܌S,,,Â݂
20,481,20481,쌧,k܌S,,rc,܂
20,482,20482,쌧,k܌S,,쑺,܂ނ
20,485,20485,쌧,k܌S,,n,͂΂ނ
20,486,20486,쌧,k܌S,,J,ނ
20,520,20520,쌧,ȌS,,,͂ɂȂ
20,521,20521,쌧,ȌS,,钬,܂
20,540,20540,쌧,㍂S,,,݂
20,541,20541,쌧,㍂S,,z{,Ԃ܂
20,543,20543,쌧,㍂S,,R,܂ނ
20,560,20560,쌧,S,,,
20,561,20561,쌧,S,,Rm,܂̂܂
20,562,20562,쌧,S,,ؓ,܂ނ
20,563,20563,쌧,S,,򉷐,̂킨񂹂ނ
20,580,20580,쌧,㐅S,,,݂݂̂
20,583,20583,쌧,㐅S,,MZ,Ȃ̂܂
20,588,20588,쌧,㐅S,,쑺,ނ
20,590,20590,쌧,㐅S,,эj,ÂȂ܂
20,600,20600,쌧,S,,,݂̂
20,602,20602,쌧,S,,h,ނ
21,0,21000,򕌌,,,,ӂ
21,201,21201,򕌌,,,򕌎s,ӂ
21,202,21202,򕌌,,,_s,
21,203,21203,򕌌,,,Rs,܂
21,204,21204,򕌌,,,s,݂
21,205,21205,򕌌,,,֎s,
21,206,21206,򕌌,,,Ðs,Ȃ킵
21,207,21207,򕌌,,,Zs,݂̂
21,208,21208,򕌌,,,Qs,݂Ȃ݂
21,209,21209,򕌌,,,Hs,͂܂
21,210,21210,򕌌,,,bߎs,Ȃ
21,211,21211,򕌌,,,ZΎs,݂̂
21,212,21212,򕌌,,,ys,Ƃ
21,213,21213,򕌌,,,es,݂͂炵
21,214,21214,򕌌,,,s,ɂ
21,215,21215,򕌌,,,Rs,܂
21,216,21216,򕌌,,,s,݂ق
21,217,21217,򕌌,,,ˎs,Ђ
21,218,21218,򕌌,,,{s,Ƃ
21,219,21219,򕌌,,,Ss,傤
21,220,21220,򕌌,,,Cs,낵
21,221,21221,򕌌,,,CÎs,Â
21,300,21300,򕌌,HS,,,͂܂
21,302,21302,򕌌,HS,,쒬,Ȃ񂿂傤
21,303,21303,򕌌,HS,,},܂傤
21,340,21340,򕌌,{VS,,,悤낤
21,341,21341,򕌌,{VS,,{V,悤낤傤
21,360,21360,򕌌,sjS,,,ӂ킮
21,361,21361,򕌌,sjS,,䒬,邢傤
21,362,21362,򕌌,sjS,,փP,͂炿傤
21,380,21380,򕌌,S,,,ς
21,381,21381,򕌌,S,,_˒,ǂ傤
21,382,21382,򕌌,S,,֔V,̂傤
21,383,21383,򕌌,S,,,ς傤
21,400,21400,򕌌,KS,,,т
21,401,21401,򕌌,KS,,K쒬,т킿傤
21,403,21403,򕌌,KS,,쒬,̂傤
21,404,21404,򕌌,KS,,rc,傤
21,420,21420,򕌌,{S,,,Ƃ
21,421,21421,򕌌,{S,,k,傤
21,500,21500,򕌌,ΌS,,,
21,501,21501,򕌌,ΌS,,j,ق傤
21,502,21502,򕌌,ΌS,,x,Ƃ݂傤
21,503,21503,򕌌,ΌS,,Ӓ,ׂ傤
21,504,21504,򕌌,ΌS,,@,Ђ傤
21,505,21505,򕌌,ΌS,,SÒ,₨傤
21,506,21506,򕌌,ΌS,,쒬,炩킿傤
21,507,21507,򕌌,ΌS,,쑺,Ђ炩ނ
21,520,21520,򕌌,S,,,ɂ
21,521,21521,򕌌,S,,䐓,݂傤
21,600,21600,򕌌,S,,,̂
21,604,21604,򕌌,S,,쑺,炩ނ
22,0,22000,É,,,,
22,100,22100,É,És,,,
22,101,22101,É,És,,,
22,102,22102,É,És,,x͋,邪
22,103,22103,É,És,,,݂
22,130,22130,É,ls,,,͂܂܂
22,131,22131,É,ls,,,Ȃ
22,132,22132,É,ls,,,Ђ
22,133,22133,É,ls,,,ɂ
22,134,22134,É,ls,,,݂Ȃ݂
22,135,22135,É,ls,,k,
22,136,22136,É,ls,,lk,͂܂
22,137,22137,É,ls,,V,Ăイ
22,203,22203,É,,,Îs,ʂ܂Â
22,205,22205,É,,,MCs,݂
22,206,22206,É,,,Os,݂܂
22,207,22207,É,,,xm{s,ӂ݂̂₵
22,208,22208,É,,,ɓs,Ƃ
22,209,22209,É,,,cs,܂
22,210,22210,É,,,xms,ӂ
22,211,22211,É,,,֓cs,킽
22,212,22212,É,,,ĒÎs,₢Â
22,213,22213,É,,,|s,킵
22,214,22214,É,,,}s,ӂ
22,215,22215,É,,,as,Ă΂
22,216,22216,É,,,܈s,ӂ낢
22,219,22219,É,,,cs,
22,220,22220,É,,,s,̂
22,221,22221,É,,,ΐs,
22,222,22222,É,,,ɓs,
22,223,22223,É,,,Os,܂
22,224,22224,É,,,es,킵
22,225,22225,É,,,ɓ̍s,̂ɂ
22,226,22226,É,,,qVs,܂̂͂炵
22,300,22300,É,ΌS,,,
22,301,22301,É,ΌS,,ɓ,Ђ傤
22,302,22302,É,ΌS,,͒Ò,Â傤
22,304,22304,É,ΌS,,ɓ,݂Ȃ݂傤
22,305,22305,É,ΌS,,蒬,܂傤
22,306,22306,É,ΌS,,ɓ,ɂ傤
22,320,22320,É,cS,,,
22,325,22325,É,cS,,쒬,Ȃ݂傤
22,340,22340,É,xS,,,Ƃ
22,341,22341,É,xS,,,݂傤
22,342,22342,É,xS,,,Ȃ݂傤
22,344,22344,É,xS,,R,܂傤
22,420,22420,É,YS,,,͂΂炮
22,424,22424,É,YS,,gc,悵傤
22,429,22429,É,YS,,썪{,˂ق񂿂傤
22,460,22460,É,qS,,,イ
22,461,22461,É,qS,,X,܂
23,0,23000,m,,,,
23,100,23100,m,És,,,Ȃ₵
23,101,23101,m,És,,,
23,102,23102,m,És,,,Ђ
23,103,23103,m,És,,k,
23,104,23104,m,És,,,ɂ
23,105,23105,m,És,,,Ȃނ炭
23,106,23106,m,És,,,Ȃ
23,107,23107,m,És,,a,傤킭
23,108,23108,m,És,,,݂ق
23,109,23109,m,És,,Mc,
23,110,23110,m,És,,,Ȃ킭
23,111,23111,m,És,,`,݂ȂƂ
23,112,23112,m,És,,,݂Ȃ݂
23,113,23113,m,És,,R,܂
23,114,23114,m,És,,΋,݂ǂ肭
23,115,23115,m,És,,,߂Ƃ
23,116,23116,m,És,,V,Ăς
23,201,23201,m,,,Ls,Ƃ͂
23,202,23202,m,,,s,
23,203,23203,m,,,{s,݂̂₵
23,204,23204,m,,,ˎs,Ƃ
23,205,23205,m,,,cs,͂񂾂
23,206,23206,m,,,ts,
23,207,23207,m,,,Ls,Ƃ悩킵
23,208,23208,m,,,Ós,܂
23,209,23209,m,,,ɓs,ւȂ
23,210,23210,m,,,Js,₵
23,211,23211,m,,,Lcs,Ƃ悽
23,212,23212,m,,,s,񂶂傤
23,213,23213,m,,,s,ɂ
23,214,23214,m,,,Ss,܂肵
23,215,23215,m,,,Rs,ʂ܂
23,216,23216,m,,,튊s,ƂȂ߂
23,217,23217,m,,,]s,Ȃ
23,219,23219,m,,,qs,܂
23,220,23220,m,,,s,Ȃ킵
23,221,23221,m,,,Vs,񂵂낵
23,222,23222,m,,,Cs,Ƃ
23,223,23223,m,,,{s,Ԃ
23,224,23224,m,,,ms,
23,225,23225,m,,,ms,イ
23,226,23226,m,,,s,肠Ђ
23,227,23227,m,,,ls,͂܂
23,228,23228,m,,,qs,킭炵
23,229,23229,m,,,Ls,Ƃ悠
23,230,23230,m,,,is,ɂ
23,231,23231,m,,,cs,͂炵
23,232,23232,m,,,s,
23,233,23233,m,,,{s,悷
23,234,23234,m,,,kÉs,Ȃ₵
23,235,23235,m,,,xs,Ƃ݂
23,236,23236,m,,,݂悵s,݂悵
23,237,23237,m,,,܎s,܂
23,238,23238,m,,,vs,ȂĂ
23,300,23300,m,mS,,,
23,302,23302,m,mS,,,Ƃ傤
23,340,23340,m,tS,,,ɂ
23,342,23342,m,tS,,LR,Ƃ܂傤
23,360,23360,m,OHS,,,ɂ킮
23,361,23361,m,OHS,,,傤
23,362,23362,m,OHS,,}K,ӂ傤
23,420,23420,m,CS,,,܂
23,424,23424,m,CS,,厡,͂邿傤
23,425,23425,m,CS,,I],ɂ傤
23,427,23427,m,CS,,򓇑,Ƃт܂ނ
23,440,23440,m,mS,,,
23,441,23441,m,mS,,v䒬,傤
23,442,23442,m,mS,,Y,Ђ炿傤
23,445,23445,m,mS,,m,݂Ȃ݂傤
23,446,23446,m,mS,,l,݂͂܂傤
23,447,23447,m,mS,,L,Ƃ悿傤
23,500,23500,m,zcS,,,ʂ
23,501,23501,m,zcS,,Kc,傤
23,560,23560,m,k݊yS,,,炮
23,561,23561,m,k݊yS,,݊y,炿傤
23,562,23562,m,k݊yS,,h,Ƃ傤
23,563,23563,m,k݊yS,,L,Ƃ˂ނ
24,0,24000,Od,,,,݂
24,201,24201,Od,,,Îs,
24,202,24202,Od,,,lss,
24,203,24203,Od,,,ɐs,
24,204,24204,Od,,,s,܂
24,205,24205,Od,,,Ks,Ȃ
24,207,24207,Od,,,鎭s,
24,208,24208,Od,,,s,Ȃ΂肵
24,209,24209,Od,,,hs,킹
24,210,24210,Od,,,TRs,߂܂
24,211,24211,Od,,,Hs,Ƃ΂
24,212,24212,Od,,,Fs,܂̂
24,214,24214,Od,,,Ȃ׎s,Ȃׂ
24,215,24215,Od,,,us,܂
24,216,24216,Od,,,ɉs,
24,300,24300,Od,KS,,,Ȃ
24,303,24303,Od,KS,,ؑ],傤
24,320,24320,Od,ٌS,,,Ȃׂ
24,324,24324,Od,ٌS,,,Ƃ񂿂傤
24,340,24340,Od,OdS,,,݂
24,341,24341,Od,OdS,,Ԗ쒬,̂傤
24,343,24343,Od,OdS,,,Ђ傤
24,344,24344,Od,OdS,,z,킲傤
24,440,24440,Od,CS,,,
24,441,24441,Od,CS,,C,傤
24,442,24442,Od,CS,,a,߂킿傤
24,443,24443,Od,CS,,䒬,傤
24,460,24460,Od,xS,,,킽炢
24,461,24461,Od,xS,,ʏ钬,܂傤
24,470,24470,Od,xS,,x,킽炢傤
24,471,24471,Od,xS,,I,傤
24,472,24472,Od,xS,,ɐ,݂Ȃ݂傤
24,540,24540,Od,kKS,,,ނ낮
24,543,24543,Od,kKS,,Ik,ق傤
24,560,24560,Od,어KS,,,݂Ȃ݂ނ낮
24,561,24561,Od,어KS,,l,݂͂܂傤
24,562,24562,Od,어KS,,I,ق傤
25,0,25000,ꌧ,,,,
25,201,25201,ꌧ,,,Îs,
25,202,25202,ꌧ,,,Fs,Ђ˂
25,203,25203,ꌧ,,,ls,Ȃ͂܂
25,204,25204,ꌧ,,,ߍ]s,݂͂܂
25,206,25206,ꌧ,,,Îs,
25,207,25207,ꌧ,,,Rs,܂
25,208,25208,ꌧ,,,Is,Ƃ
25,209,25209,ꌧ,,,bs,
25,210,25210,ꌧ,,,Fs,₷
25,211,25211,ꌧ,,,Γs,Ȃ
25,212,25212,ꌧ,,,s,܂
25,213,25213,ꌧ,,,ߍ]s,Ђ݂
25,214,25214,ꌧ,,,Čs,܂΂炵
25,380,25380,ꌧ,S,,,
25,383,25383,ꌧ,S,,쒬,Ђ̂傤
25,384,25384,ꌧ,S,,,イ傤
25,420,25420,ꌧ,mS,,,
25,425,25425,ꌧ,mS,,,傤傤
25,440,25440,ꌧ,S,,,ʂ݂
25,441,25441,ꌧ,S,,L,Ƃ悳Ƃ傤
25,442,25442,ꌧ,S,,bǒ,炿傤
25,443,25443,ꌧ,S,,꒬,傤
26,0,26000,s{,,,,傤Ƃ
26,100,26100,s{,ss,,,傤Ƃ
26,101,26101,s{,ss,,k,
26,102,26102,s{,ss,,㋞,݂傤
26,103,26103,s{,ss,,,傤
26,104,26104,s{,ss,,,Ȃ傤
26,105,26105,s{,ss,,R,Ђ܂
26,106,26106,s{,ss,,,傤
26,107,26107,s{,ss,,,݂Ȃ݂
26,108,26108,s{,ss,,E,傤
26,109,26109,s{,ss,,,ӂ݂
26,110,26110,s{,ss,,Rȋ,܂Ȃ
26,111,26111,s{,ss,,,ɂ傤
26,201,26201,s{,,,mRs,ӂ܂
26,202,26202,s{,,,ߎs,܂Â邵
26,203,26203,s{,,,s,ׂ
26,204,26204,s{,,,Fs,
26,205,26205,s{,,,{Îs,݂Â
26,206,26206,s{,,,Ts,߂
26,207,26207,s{,,,zs,傤悤
26,208,26208,s{,,,s,ނ
26,209,26209,s{,,,s,Ȃ傤
26,210,26210,s{,,,s,킽
26,211,26211,s{,,,cӎs,傤Ȃׂ
26,212,26212,s{,,,Os,傤񂲂
26,213,26213,s{,,,Os,Ȃ񂽂
26,214,26214,s{,,,ؒÐs,Â킵
26,300,26300,s{,PS,,,Ƃɂ
26,303,26303,s{,PS,,R蒬,܂傤
26,320,26320,s{,vS,,,
26,322,26322,s{,vS,,vR,݂܂傤
26,340,26340,s{,ԊS,,,Â
26,343,26343,s{,ԊS,,蒬,ł傤
26,344,26344,s{,ԊS,,Fc,炿傤
26,360,26360,s{,yS,,,炭
26,364,26364,s{,yS,,}u,傤
26,365,26365,s{,yS,,a,Â傤
26,366,26366,s{,yS,,ؒ,傤
26,367,26367,s{,yS,,R鑺,݂Ȃ݂܂ނ
26,400,26400,s{,DS,,,ӂȂ
26,407,26407,s{,DS,,Og,傤΂傤
26,460,26460,s{,^ӌS,,,悳
26,463,26463,s{,^ӌS,,ɍ,˂傤
26,465,26465,s{,^ӌS,,^Ӗ쒬,悳̂傤
27,0,27000,{,,,,
27,100,27100,{,s,,,
27,102,27102,{,s,,s,݂₱܂
27,103,27103,{,s,,,ӂ܂
27,104,27104,{,s,,ԋ,̂͂Ȃ
27,106,27106,{,s,,,ɂ
27,107,27107,{,s,,`,݂ȂƂ
27,108,27108,{,s,,吳,傤
27,109,27109,{,s,,V,Ă̂
27,111,27111,{,s,,Q,Ȃɂ킭
27,113,27113,{,s,,,ɂǂ킭
27,114,27114,{,s,,,Ђǂ킭
27,115,27115,{,s,,,ЂȂ肭
27,116,27116,{,s,,,̂
27,117,27117,{,s,,,Ђ
27,118,27118,{,s,,铌,傤Ƃ
27,119,27119,{,s,,{,ׂ̂
27,120,27120,{,s,,Zg,݂悵
27,121,27121,{,s,,Zg,Ђ݂悵
27,122,27122,{,s,,,ɂȂ肭
27,123,27123,{,s,,,ǂ킭
27,124,27124,{,s,,ߌ,݂
27,125,27125,{,s,,ZV],݂̂
27,126,27126,{,s,,,Ђ̂
27,127,27127,{,s,,k,
27,128,27128,{,s,,,イ
27,140,27140,{,s,,,
27,141,27141,{,s,,,
27,142,27142,{,s,,,Ȃ
27,143,27143,{,s,,,Ђ
27,144,27144,{,s,,,ɂ
27,145,27145,{,s,,,݂Ȃ݂
27,146,27146,{,s,,k,
27,147,27147,{,s,,,݂͂炭
27,202,27202,{,,,ݘacs,킾
27,203,27203,{,,,Ls,ƂȂ
27,204,27204,{,,,rcs,
27,205,27205,{,,,cs,
27,206,27206,{,,,Îs,݂
27,207,27207,{,,,Ύs,
27,208,27208,{,,,Lˎs,Â
27,209,27209,{,,,s,肮
27,210,27210,{,,,s,Ђ炩
27,211,27211,{,,,؎s,΂炫
27,212,27212,{,,,s,₨
27,213,27213,{,,,򍲖s,݂̂
27,214,27214,{,,,xcюs,Ƃ񂾂΂₵
27,215,27215,{,,,Qs,˂₪킵
27,216,27216,{,,,͓s,킿Ȃ̂
27,217,27217,{,,,s,܂΂炵
27,218,27218,{,,,哌s,Ƃ
27,219,27219,{,,,as,݂
27,220,27220,{,,,ʎs,݂̂
27,221,27221,{,,,s,炵
27,222,27222,{,,,Hgs,͂т̂
27,223,27223,{,,,^s,ǂ܂
27,224,27224,{,,,ےÎs,
27,225,27225,{,,,Ύs,
27,226,27226,{,,,䎛s,ӂł炵
27,227,27227,{,,,s,Ђ
27,228,27228,{,,,s,Ȃ
27,229,27229,{,,,ls,傤ȂĂ
27,230,27230,{,,,s,̂
27,231,27231,{,,,㋷Rs,܂
27,232,27232,{,,,s,͂Ȃ
27,300,27300,{,OS,,,݂܂
27,301,27301,{,OS,,{,܂Ƃ傤
27,320,27320,{,L\S,,,Ƃ̂
27,321,27321,{,L\S,,L\,Ƃ̂傤
27,322,27322,{,L\S,,\,̂傤
27,340,27340,{,kS,,,ڂ
27,341,27341,{,kS,,,傤
27,360,27360,{,S,,,Ȃ񂮂
27,361,27361,{,S,,F撬,܂Ƃ肿傤
27,362,27362,{,S,,cK,肿傤
27,366,27366,{,S,,,݂傤
27,380,27380,{,͓S,,,݂Ȃ݂킿
27,381,27381,{,͓S,,q,傤
27,382,27382,{,͓S,,͓쒬,Ȃ񂿂傤
27,383,27383,{,͓S,,瑁ԍ㑺,͂₠ނ
28,0,28000,Ɍ,,,,Ђ傤
28,100,28100,Ɍ,_ˎs,,,ׂ
28,101,28101,Ɍ,_ˎs,,,ЂȂ
28,102,28102,Ɍ,_ˎs,,,Ȃ
28,105,28105,Ɍ,_ˎs,,ɋ,Ђ傤
28,106,28106,Ɍ,_ˎs,,c,Ȃ
28,107,28107,Ɍ,_ˎs,,{,܂
28,108,28108,Ɍ,_ˎs,,,݂
28,109,28109,Ɍ,_ˎs,,k,
28,110,28110,Ɍ,_ˎs,,,イ
28,111,28111,Ɍ,_ˎs,,,ɂ
28,201,28201,Ɍ,,,PHs,Ђ߂
28,202,28202,Ɍ,,,s,܂
28,203,28203,Ɍ,,,Ύs,
28,204,28204,Ɍ,,,{s,ɂ݂̂₵
28,205,28205,Ɍ,,,F{s,Ƃ
28,206,28206,Ɍ,,,s,₵
28,207,28207,Ɍ,,,ɒOs,݂
28,208,28208,Ɍ,,,s,
28,209,28209,Ɍ,,,Ls,Ƃ您
28,210,28210,Ɍ,,,Ðs,킵
28,212,28212,Ɍ,,,ԕs,
28,213,28213,Ɍ,,,es,ɂ킫
28,214,28214,Ɍ,,,ˎs,Â
28,215,28215,Ɍ,,,O؎s,݂
28,216,28216,Ɍ,,,s,
28,217,28217,Ɍ,,,쐼s,ɂ
28,218,28218,Ɍ,,,s,̂
28,219,28219,Ɍ,,,Ocs,񂾂
28,220,28220,Ɍ,,,s,
28,221,28221,Ɍ,,,OgRs,΂܂
28,222,28222,Ɍ,,,{s,Ԃ
28,223,28223,Ɍ,,,Ogs,΂
28,224,28224,Ɍ,,,삠킶s,݂Ȃ݂킶
28,225,28225,Ɍ,,,s,
28,226,28226,Ɍ,,,WHs,킶
28,227,28227,Ɍ,,,s,
28,228,28228,Ɍ,,,s,Ƃ
28,229,28229,Ɍ,,,̎s,̂
28,300,28300,Ɍ,ӌS,,,ׂ
28,301,28301,Ɍ,ӌS,,쒬,Ȃ킿傤
28,360,28360,Ɍ,S,,,
28,365,28365,Ɍ,S,,,傤
28,380,28380,Ɍ,ÌS,,,
28,381,28381,Ɍ,ÌS,,,Ȃ݂傤
28,382,28382,Ɍ,ÌS,,d,͂܂傤
28,440,28440,Ɍ,_S,,,񂴂
28,442,28442,Ɍ,_S,,s쒬,킿傤
28,443,28443,Ɍ,_S,,蒬,ӂ傤
28,446,28446,Ɍ,_S,,_͒,݂킿傤
28,460,28460,Ɍ,KیS,,,ڂ
28,464,28464,Ɍ,KیS,,q,傤
28,480,28480,Ɍ,ԕS,,,
28,481,28481,Ɍ,ԕS,,S,݂肿傤
28,500,28500,Ɍ,pS,,,悤
28,501,28501,Ɍ,pS,,p,悤傤
28,580,28580,Ɍ,S,,,݂
28,585,28585,Ɍ,S,,,݂傤
28,586,28586,Ɍ,S,,V,񂨂񂹂񂿂傤
29,0,29000,ޗǌ,,,,Ȃ炯
29,201,29201,ޗǌ,,,ޗǎs,Ȃ炵
29,202,29202,ޗǌ,,,acs,܂Ƃ
29,203,29203,ޗǌ,,,aSRs,܂Ƃ܂
29,204,29204,ޗǌ,,,Vs,Ă肵
29,205,29205,ޗǌ,,,s,͂炵
29,206,29206,ޗǌ,,,s,炢
29,207,29207,ޗǌ,,,ܞs,傤
29,208,29208,ޗǌ,,,䏊s,
29,209,29209,ޗǌ,,,s,܂
29,210,29210,ޗǌ,,,Ŏs,΂
29,211,29211,ޗǌ,,,s,炬
29,212,29212,ޗǌ,,,FɎs,
29,320,29320,ޗǌ,RӌS,,,܂ׂ
29,322,29322,ޗǌ,RӌS,,RY,܂ނ
29,340,29340,ޗǌ,S,,,܂
29,342,29342,ޗǌ,S,,Q,ւ肿傤
29,343,29343,ޗǌ,S,,O,񂲂傤
29,344,29344,ޗǌ,S,,,邪傤
29,345,29345,ޗǌ,S,,g,ǂ傤
29,360,29360,ޗǌ,S,,,
29,361,29361,ޗǌ,S,,쐼,ɂ傤
29,362,29362,ޗǌ,S,,O,݂₯傤
29,363,29363,ޗǌ,S,,c{,Ƃ傤
29,380,29380,ޗǌ,FɌS,,,
29,385,29385,ޗǌ,FɌS,,],ɂނ
29,386,29386,ޗǌ,FɌS,,,݂ނ
29,400,29400,ޗǌ,sS,,,
29,401,29401,ޗǌ,sS,,撬,Ƃ肿傤
29,402,29402,ޗǌ,sS,,,ނ
29,420,29420,ޗǌ,kS,,,炬
29,424,29424,ޗǌ,kS,,q,܂傤
29,425,29425,ޗǌ,kS,,,傤
29,426,29426,ޗǌ,kS,,L˒,傤傤
29,427,29427,ޗǌ,kS,,͍,킢傤
29,440,29440,ޗǌ,gS,,,悵̂
29,441,29441,ޗǌ,gS,,g쒬,悵̂傤
29,442,29442,ޗǌ,gS,,嗄,ǂ傤
29,443,29443,ޗǌ,gS,,s,傤
29,444,29444,ޗǌ,gS,,ꑺ,낽ނ
29,446,29446,ޗǌ,gS,,V쑺,Ă񂩂ނ
29,447,29447,ޗǌ,gS,,씗쑺,̂ނ
29,449,29449,ޗǌ,gS,,\Ð쑺,Ƃނ
29,450,29450,ޗǌ,gS,,kR,܂ނ
29,451,29451,ޗǌ,gS,,kR,݂܂ނ
29,452,29452,ޗǌ,gS,,㑺,킩݂ނ
29,453,29453,ޗǌ,gS,,g쑺,Ђ悵̂ނ
30,0,30000,a̎R,,,,킩܂
30,201,30201,a̎R,,,a̎Rs,킩܂
30,202,30202,a̎R,,,Cs,Ȃ
30,203,30203,a̎R,,,{s,͂Ƃ
30,204,30204,a̎R,,,Lcs,肾
30,205,30205,a̎R,,,Vs,ڂ
30,206,30206,a̎R,,,cӎs,Ȃׂ
30,207,30207,a̎R,,,V{s,񂮂
30,208,30208,a̎R,,,I̐s,̂킵
30,209,30209,a̎R,,,os,ł
30,300,30300,a̎R,CS,,,
30,304,30304,a̎R,CS,,I쒬,݂̂傤
30,340,30340,a̎R,ɓsS,,,Ƃ
30,341,30341,a̎R,ɓsS,,炬,炬傤
30,343,30343,a̎R,ɓsS,,xR,ǂ܂傤
30,344,30344,a̎R,ɓsS,,쒬,₿傤
30,360,30360,a̎R,LcS,,,肾
30,361,30361,a̎R,LcS,,,䂠傤
30,362,30362,a̎R,LcS,,L쒬,Ђ낪킿傤
30,366,30366,a̎R,LcS,,Lc쒬,肾킿傤
30,380,30380,a̎R,S,,,Ђ
30,381,30381,a̎R,S,,l,݂͂܂傤
30,382,30382,a̎R,S,,,Ђ傤
30,383,30383,a̎R,S,,Rǒ,炿傤
30,390,30390,a̎R,S,,쒬,Ȃ݂傤
30,391,30391,a̎R,S,,݂Ȃג,݂Ȃׂ傤
30,392,30392,a̎R,S,,쒬,Ђ킿傤
30,400,30400,a̎R,KS,,,ɂނ낮
30,401,30401,a̎R,KS,,l,͂܂傤
30,404,30404,a̎R,KS,,xc,݂Ƃ񂾂傤
30,406,30406,a̎R,KS,,ݒ,݂傤
30,420,30420,a̎R,KS,,,Ђނ낮
30,421,30421,a̎R,KS,,ߒqY,Ȃ炿傤
30,422,30422,a̎R,KS,,n,傤
30,424,30424,a̎R,KS,,Í쒬,킿傤
30,427,30427,a̎R,KS,,kR,܂ނ
30,428,30428,a̎R,KS,,{,Ƃ傤
31,0,31000,挧,,,,ƂƂ肯
31,201,31201,挧,,,s,ƂƂ肵
31,202,31202,挧,,,Ďqs,Ȃ
31,203,31203,挧,,,qgs,悵
31,204,31204,挧,,,`s,݂ȂƂ
31,300,31300,挧,S,,,݂
31,302,31302,挧,S,,,݂傤
31,320,31320,挧,S,,,₸
31,325,31325,挧,S,,,킩傤
31,328,31328,挧,S,,q,Â傤
31,329,31329,挧,S,,,₸傤
31,360,31360,挧,S,,,Ƃ͂
31,364,31364,挧,S,,O,݂傤
31,370,31370,挧,S,,l,͂܂傤
31,371,31371,挧,S,,ՉY,Ƃ炿傤
31,372,31372,挧,S,,kh,ق傤
31,380,31380,挧,S,,,͂
31,384,31384,挧,S,,gÑ,ЂÂ
31,386,31386,挧,S,,R,񂿂傤
31,389,31389,挧,S,,암,ȂԂ傤
31,390,31390,挧,S,,˒,ق傤
31,400,31400,挧,S,,,Ђ̂
31,401,31401,挧,S,,쒬,ɂȂ񂿂傤
31,402,31402,挧,S,,쒬,Ђ̂傤
31,403,31403,挧,S,,]{,ӂ傤
32,0,32000,,,,,܂˂
32,201,32201,,,,]s,܂
32,202,32202,,,,lcs,͂܂
32,203,32203,,,,o_s,
32,204,32204,,,,vcs,܂
32,205,32205,,,,cs,
32,206,32206,,,,s,₷
32,207,32207,,,,]Îs,
32,209,32209,,,,_s,Ȃ
32,340,32340,,mS,,,ɂ
32,343,32343,,mS,,o_,傤
32,380,32380,,ѐΌS,,,
32,386,32386,,ѐΌS,,ѓ쒬,Ȃ񂿂傤
32,440,32440,,WqS,,,
32,441,32441,,WqS,,{,Ƃ܂
32,448,32448,,WqS,,,݂Ƃ傤
32,449,32449,,WqS,,W쒬,Ȃ񂿂傤
32,500,32500,,S,,,̂
32,501,32501,,S,,Øa쒬,̂傤
32,505,32505,,S,,g꒬,悵傤
32,520,32520,,BS,,,
32,525,32525,,BS,,Cm,܂傤
32,526,32526,,BS,,m,ɂ̂܂傤
32,527,32527,,BS,,mv,Ԃނ
32,528,32528,,BS,,B̓,̂܂傤
33,0,33000,R,,,,܂
33,100,33100,R,Rs,,,܂
33,101,33101,R,Rs,,k,
33,102,33102,R,Rs,,,Ȃ
33,103,33103,R,Rs,,,Ђ
33,104,33104,R,Rs,,,݂Ȃ݂
33,202,33202,R,,,q~s,炵
33,203,33203,R,,,ÎRs,܂
33,204,33204,R,,,ʖs,܂̂
33,205,33205,R,,,}s,
33,207,33207,R,,,䌴s,΂炵
33,208,33208,R,,,Ўs,Ⴕ
33,209,33209,R,,,s,͂
33,210,33210,R,,,Vs,ɂ݂
33,211,33211,R,,,Os,т
33,212,33212,R,,,˓s,Ƃ
33,213,33213,R,,,Ԕ֎s,킵
33,214,33214,R,,,^s,܂ɂ킵
33,215,33215,R,,,s,݂܂
33,216,33216,R,,,s,
33,340,33340,R,aCS,,,킯
33,346,33346,R,aCS,,aC,킯傤
33,420,33420,R,sES,,,ڂ
33,423,33423,R,sES,,,͂₵܂傤
33,440,33440,R,S,,,
33,445,33445,R,S,,,Ƃ傤傤
33,460,33460,R,cS,,,
33,461,33461,R,cS,,|,₩傤
33,580,33580,R,^S,,,܂ɂ킮
33,586,33586,R,^S,,V,񂶂傤
33,600,33600,R,ϓcS,,,Ƃ܂
33,606,33606,R,ϓcS,,쒬,݂̂傤
33,620,33620,R,cS,,,
33,622,33622,R,cS,,,傤傤
33,623,33623,R,cS,,ދ`,Ȃ傤
33,640,33640,R,pcS,,,
33,643,33643,R,pcS,,q,ɂ킭炻
33,660,33660,R,vČS,,,߂
33,663,33663,R,vČS,,vē쒬,߂Ȃ񂿂傤
33,666,33666,R,vČS,,璬,݂傤
33,680,33680,R,S,,,
33,681,33681,R,S,,g,тイ傤
34,0,34000,L,,,,Ђ낵܂
34,100,34100,L,Ls,,,Ђ낵܂
34,101,34101,L,Ls,,,Ȃ
34,102,34102,L,Ls,,,Ђ
34,103,34103,L,Ls,,,݂Ȃ݂
34,104,34104,L,Ls,,,ɂ
34,105,34105,L,Ls,,,݂Ȃ݂
34,106,34106,L,Ls,,k,
34,107,34107,L,Ls,,|,
34,108,34108,L,Ls,,,
34,202,34202,L,,,s,ꂵ
34,203,34203,L,,,|s,͂炵
34,204,34204,L,,,Os,݂͂炵
34,205,34205,L,,,s,݂̂
34,207,34207,L,,,Rs,ӂ܂
34,208,34208,L,,,{s,ӂイ
34,209,34209,L,,,Os,݂悵
34,210,34210,L,,,s,傤΂炵
34,211,34211,L,,,|s,
34,212,34212,L,,,Ls,ЂЂ낵܂
34,213,34213,L,,,ss,͂
34,214,34214,L,,,|cs,
34,215,34215,L,,,]cs,܂
34,300,34300,L,|S,,,
34,302,34302,L,|S,,{,ӂイ傤
34,304,34304,L,|S,,Cc,傤
34,307,34307,L,|S,,F쒬,܂̂傤
34,309,34309,L,|S,,⒬,傤
34,360,34360,L,RS,,,܂
34,368,34368,L,RS,,|c,傤
34,369,34369,L,RS,,kL,Ђ낵܂傤
34,420,34420,L,LcS,,,Ƃ悽
34,431,34431,L,LcS,,㓇,݂܂傤
34,460,34460,L,S,,,炮
34,462,34462,L,S,,,炿傤
34,540,34540,L,_ΌS,,,񂹂
34,545,34545,L,_ΌS,,_΍,񂹂񂿂傤
35,0,35000,R,,,,܂
35,201,35201,R,,,֎s,̂
35,202,35202,R,,,Fs,ׂ
35,203,35203,R,,,Rs,܂
35,204,35204,R,,,s,͂
35,206,35206,R,,,h{s,قӂ
35,207,35207,R,,,s,܂
35,208,35208,R,,,⍑s,킭ɂ
35,210,35210,R,,,s,Ђ肵
35,211,35211,R,,,s,ȂƂ
35,212,35212,R,,,s,Ȃ
35,213,35213,R,,,Is,݂˂
35,215,35215,R,,,s,イȂ
35,216,35216,R,,,Rzcs,悤̂
35,300,35300,R,哇S,,,܂
35,305,35305,R,哇S,,h哇,܂傤
35,320,35320,R,όS,,,
35,321,35321,R,όS,,aؒ,킫傤
35,340,35340,R,FьS,,,܂
35,341,35341,R,FьS,,֒,݂̂傤
35,343,35343,R,FьS,,cz{,Ԃ傤
35,344,35344,R,FьS,,,Ђ炨傤
35,500,35500,R,S,,,Ԃ
35,502,35502,R,S,,,Ԃ傤
36,0,36000,,,,,Ƃ܂
36,201,36201,,,,s,Ƃ܂
36,202,36202,,,,s,ȂƂ
36,203,36203,,,,s,܂܂
36,204,36204,,,,s,Ȃ
36,205,36205,,,,gs,悵̂킵
36,206,36206,,,,gs,킵
36,207,36207,,,,ns,݂܂
36,208,36208,,,,ODs,݂悵
36,300,36300,,YS,,,炮
36,301,36301,,YS,,Y,炿傤
36,302,36302,,YS,,㏟,݂傤
36,320,36320,,S,,,݂傤ǂ
36,321,36321,,S,,߉͓,Ȃ
36,340,36340,,S,,,݂傤
36,341,36341,,S,,Έ䒬,傤
36,342,36342,,S,,_R,݂܂傤
36,360,36360,,߉S,,,Ȃ
36,368,36368,,߉S,,߉꒬,Ȃ傤
36,380,36380,,CS,,,ӂ
36,383,36383,,CS,,,ނ傤
36,387,36387,,CS,,g,݂Ȃ݂傤
36,388,36388,,CS,,Cz,悤傤
36,400,36400,,S,,,̂
36,401,36401,,S,,Β,܂傤
36,402,36402,,S,,k,܂傤
36,403,36403,,S,,Z,݂傤
36,404,36404,,S,,쒬,̂傤
36,405,36405,,S,,,݂傤
36,460,36460,,nS,,,݂܂
36,468,36468,,nS,,邬,邬傤
36,480,36480,,ODS,,,݂悵
36,489,36489,,ODS,,݂悵,Ђ݂悵傤
37,0,37000,쌧,,,,킯
37,201,37201,쌧,,,s,܂
37,202,37202,쌧,,,ۋTs,܂邪߂
37,203,37203,쌧,,,os,ł
37,204,37204,쌧,,,Pʎs,
37,205,37205,쌧,,,ωs,񂨂񂶂
37,206,37206,쌧,,,ʂs,ʂ
37,207,37207,쌧,,,s,Ђ킵
37,208,37208,쌧,,,OLs,݂Ƃ悵
37,320,37320,쌧,S,,,傤
37,322,37322,쌧,S,,y,Ƃ̂傤傤
37,324,37324,쌧,S,,,傤ǂ܂傤
37,340,37340,쌧,ؓcS,,,
37,341,37341,쌧,ؓcS,,Oؒ,݂傤
37,360,37360,쌧,S,,,킮
37,364,37364,쌧,S,,,Ȃ܂傤
37,380,37380,쌧,̌S,,,₤
37,386,37386,쌧,̌S,,FÒ,Â傤
37,387,37387,쌧,̌S,,쒬,₪킿傤
37,400,37400,쌧,xS,,,Ȃǂ
37,403,37403,쌧,xS,,Օ,ƂЂ炿傤
37,404,37404,쌧,xS,,xÒ,ǂ傤
37,406,37406,쌧,xS,,܂̂,܂̂傤
38,0,38000,Q,,,,Ђ߂
38,201,38201,Q,,,Rs,܂܂
38,202,38202,Q,,,s,܂΂肵
38,203,38203,Q,,,Fas,킶܂
38,204,38204,Q,,,ls,킽͂܂
38,205,38205,Q,,,Vls,ɂ͂܂
38,206,38206,Q,,,s,傤
38,207,38207,Q,,,Fs,
38,210,38210,Q,,,ɗ\s,悵
38,213,38213,Q,,,ls,イ
38,214,38214,Q,,,\s,悵
38,215,38215,Q,,,s,Ƃ
38,340,38340,Q,zqS,,,
38,356,38356,Q,zqS,,㓇,݂܂傤
38,380,38380,Q,㕂S,,,݂Ȃ
38,386,38386,Q,㕂S,,v,܂񂿂傤
38,400,38400,Q,ɗ\S,,,悮
38,401,38401,Q,ɗ\S,,O,܂傤
38,402,38402,Q,ɗ\S,,u,Ƃׂ傤
38,420,38420,Q,쑽S,,,
38,422,38422,Q,쑽S,,q,傤
38,440,38440,Q,FaS,,,ɂ킮
38,442,38442,Q,FaS,,ɕ,傤
38,480,38480,Q,kFaS,,,킮
38,484,38484,Q,kFaS,,쒬,܂̂傤
38,488,38488,Q,kFaS,,Sk,ق傤
38,500,38500,Q,FaS,,,݂Ȃ݂킮
38,506,38506,Q,FaS,,쒬,Ȃ񂿂傤
39,0,39000,m,,,,
39,201,39201,m,,,ms,
39,202,39202,m,,,ˎs,ނƂ
39,203,39203,m,,,|s,
39,204,39204,m,,,썑s,Ȃ񂱂
39,205,39205,m,,,ys,Ƃ
39,206,39206,m,,,{s,
39,208,39208,m,,,hюs,
39,209,39209,m,,,ys,Ƃ݂
39,210,39210,m,,,l\s,܂Ƃ
39,211,39211,m,,,s,Ȃ
39,212,39212,m,,,s,݂
39,300,39300,m,|S,,,
39,301,39301,m,|S,,m,Ƃ悤傤
39,302,39302,m,|S,,ޔ,Ȃ͂肿傤
39,303,39303,m,|S,,c쒬,̂傤
39,304,39304,m,|S,,c,₷傤
39,305,39305,m,|S,,k쑺,ނ
39,306,39306,m,|S,,nH,܂ނ
39,307,39307,m,|S,,|,ނ
39,340,39340,m,S,,,Ȃ
39,341,39341,m,S,,{R,Ƃ܂傤
39,344,39344,m,S,,L,Ƃ悿傤
39,360,39360,m,yS,,,Ƃ
39,363,39363,m,yS,,y,Ƃ傤
39,364,39364,m,yS,,쑺,ނ
39,380,39380,m,S,,,킮
39,386,39386,m,S,,̒,̂傤
39,387,39387,m,S,,m쒬,ɂǂ킿傤
39,400,39400,m,S,,,
39,401,39401,m,S,,y,ȂƂ傤
39,402,39402,m,S,,쒬,킿傤
39,403,39403,m,S,,zm,傤
39,405,39405,m,S,,,䂷͂炿傤
39,410,39410,m,S,,,Ђނ
39,411,39411,m,S,,Ö쒬,̂傤
39,412,39412,m,S,,l\,܂Ƃ傤
39,420,39420,m,S,,,͂
39,424,39424,m,S,,匎,傤
39,427,39427,m,S,,O,݂͂ނ
39,428,39428,m,S,,,낵傤
40,0,40000,,,,,ӂ
40,100,40100,,kBs,,,イイ
40,101,40101,,kBs,,i,
40,103,40103,,kBs,,ᏼ,킩܂
40,105,40105,,kBs,,˔,Ƃ΂
40,106,40106,,kBs,,qk,炫
40,107,40107,,kBs,,q,݂Ȃ݂
40,108,40108,,kBs,,,͂Ђ
40,109,40109,,kBs,,,͂ɂ
40,130,40130,,s,,,ӂ
40,131,40131,,s,,,Ђ
40,132,40132,,s,,,͂
40,133,40133,,s,,,イ
40,134,40134,,s,,,݂Ȃ݂
40,135,40135,,s,,,ɂ
40,136,40136,,s,,,傤Ȃ
40,137,40137,,s,,ǋ,炭
40,202,40202,,,,喴cs,ނ
40,203,40203,,,,vĎs,߂
40,204,40204,,,,s,̂
40,205,40205,,,,ђˎs,Â
40,206,40206,,,,cs,킵
40,207,40207,,,,s,Ȃ킵
40,210,40210,,,,s,߂
40,211,40211,,,,}s,
40,212,40212,,,,s,킵
40,213,40213,,,,ss,䂭͂
40,214,40214,,,,LOs,Ԃ
40,215,40215,,,,Ԏs,Ȃ܂
40,216,40216,,,,Ss,肵
40,217,40217,,,,}s,̂
40,218,40218,,,,ts,
40,219,40219,,,,s,̂傤
40,220,40220,,,,@s,ނȂ
40,221,40221,,,,ɕ{s,ӂ
40,223,40223,,,,És,
40,224,40224,,,,Îs,ӂ
40,225,40225,,,,͎s,͂
40,226,40226,,,,{s,݂킩
40,227,40227,,,,Ös,܂
40,228,40228,,,,qs,炵
40,229,40229,,,,݂܎s,݂܂
40,230,40230,,,,s,Ƃ܂
40,231,40231,,,,߉ϐs,Ȃ킵
40,340,40340,,S,,,₮
40,341,40341,,S,,F,݂܂
40,342,40342,,S,,I,܂
40,343,40343,,S,,uƒ,߂܂
40,344,40344,,S,,{b,܂
40,345,40345,,S,,V{,񂮂܂
40,348,40348,,S,,vR,Ђ܂܂
40,349,40349,,S,,,܂
40,380,40380,,S,,,񂪂
40,381,40381,,S,,,܂
40,382,40382,,S,,,݂܂܂
40,383,40383,,S,,_,܂
40,384,40384,,S,,꒬,񂪂傤
40,400,40400,,ƎS,,,Ă
40,401,40401,,ƎS,,|,܂
40,402,40402,,ƎS,,Ǝ蒬,Ă܂
40,420,40420,,ÕS,,,ق
40,421,40421,,ÕS,,j쒬,܂
40,440,40440,,qS,,,炮
40,447,40447,,qS,,}O,܂
40,448,40448,,qS,,,Ƃقނ
40,500,40500,,OS,,,݂
40,503,40503,,OS,,品,炢܂
40,520,40520,,OkS,,,݂܂
40,522,40522,,OkS,,ؒ,܂
40,540,40540,,S,,,߂
40,544,40544,,S,,L쒬,Ђ납܂
40,600,40600,,cS,,,킮
40,601,40601,,cS,,t,܂
40,602,40602,,cS,,Yc,܂
40,604,40604,,cS,,c,Ƃ܂
40,605,40605,,cS,,蒬,킳܂
40,608,40608,,cS,,C,Ƃ܂
40,609,40609,,cS,,ԑ,ނ
40,610,40610,,cS,,q,ӂ܂
40,620,40620,,sS,,,݂₱
40,621,40621,,sS,,c,񂾂܂
40,625,40625,,sS,,݂₱,݂₱܂
40,640,40640,,zS,,,傤
40,642,40642,,zS,,gx,悵Ƃ݂܂
40,646,40646,,zS,,ђ,܂
40,647,40647,,zS,,z㒬,傤܂
41,0,41000,ꌧ,,,,
41,201,41201,ꌧ,,,s,
41,202,41202,ꌧ,,,Îs,
41,203,41203,ꌧ,,,s,Ƃ
41,204,41204,ꌧ,,,vs,
41,205,41205,ꌧ,,,ɖs,܂肵
41,206,41206,ꌧ,,,Ys,
41,207,41207,ꌧ,,,s,܂
41,208,41208,ꌧ,,,s,
41,209,41209,ꌧ,,,s,ꂵ̂
41,210,41210,ꌧ,,,_s,񂴂
41,320,41320,ꌧ,_S,,,񂴂
41,327,41327,ꌧ,_S,,g샖,悵̂肿傤
41,340,41340,ꌧ,O{S,,,݂₫
41,341,41341,ꌧ,O{S,,R,܂傤
41,345,41345,ꌧ,O{S,,,݂݂˂傤
41,346,41346,ꌧ,O{S,,݂₫,݂₫傤
41,380,41380,ꌧ,YS,,,Ђ܂炮
41,387,41387,ꌧ,YS,,C,񂩂傤
41,400,41400,ꌧ,YS,,,ɂ܂炮
41,401,41401,ꌧ,YS,,Lc,肽܂
41,420,41420,ꌧ,nS,,,܂
41,423,41423,ꌧ,nS,,咬,܂傤
41,424,41424,ꌧ,nS,,]k,ق܂
41,425,41425,ꌧ,nS,,Β,낢傤
41,440,41440,ꌧ,ÌS,,,ӂ
41,441,41441,ꌧ,ÌS,,ǒ,炿傤
42,0,42000,茧,,,,Ȃ
42,201,42201,茧,,,s,Ȃ
42,202,42202,茧,,,ێs,ڂ
42,203,42203,茧,,,s,܂΂炵
42,204,42204,茧,,,|s,͂₵
42,205,42205,茧,,,呺s,ނ炵
42,207,42207,茧,,,ˎs,Ђǂ
42,208,42208,茧,,,Ys,܂炵
42,209,42209,茧,,,Δns,܂
42,210,42210,茧,,,s,
42,211,42211,茧,,,ܓs,Ƃ
42,212,42212,茧,,,Cs,
42,213,42213,茧,,,_s,񂺂
42,214,42214,茧,,,쓇s,݂Ȃ݂܂΂炵
42,300,42300,茧,ދnS,,,ɂ̂
42,307,42307,茧,ދnS,,^,Ȃ悿傤
42,308,42308,茧,ދnS,,Ò,Ƃ傤
42,320,42320,茧,ދnS,,,Ђ̂
42,321,42321,茧,ދnS,,ދn,Ђ̂傤
42,322,42322,茧,ދnS,,I,킽Ȃ傤
42,323,42323,茧,ދnS,,g,݂͂傤
42,380,42380,茧,kYS,,,܂炮
42,383,42383,茧,kYS,,l꒬,傤
42,391,42391,茧,kYS,,X,傤
42,400,42400,茧,쏼YS,,,݂Ȃ݂܂炮
42,411,42411,茧,쏼YS,,Vܓ,񂩂݂Ƃ傤
43,0,43000,F{,,,,܂Ƃ
43,100,43100,F{,F{s,,,܂Ƃ
43,101,43101,F{,F{s,,,イ
43,102,43102,F{,F{s,,,Ђ
43,103,43103,F{,F{s,,,ɂ
43,104,43104,F{,F{s,,,݂Ȃ݂
43,105,43105,F{,F{s,,k,
43,202,43202,F{,,,s,낵
43,203,43203,F{,,,lgs,ЂƂ悵
43,204,43204,F{,,,rs,炨
43,205,43205,F{,,,s,݂Ȃ܂
43,206,43206,F{,,,ʖs,܂Ȃ
43,208,43208,F{,,,Rs,܂
43,210,43210,F{,,,ers,
43,211,43211,F{,,,Fys,Ƃ
43,212,43212,F{,,,Vs,݂܂
43,213,43213,F{,,,Fs,
43,214,43214,F{,,,hs,
43,215,43215,F{,,,Vs,܂
43,216,43216,F{,,,us,
43,340,43340,F{,vS,,,܂
43,348,43348,F{,vS,,,݂Ƃ܂
43,360,43360,F{,ʖS,,,܂Ȃ
43,364,43364,F{,ʖS,,ʓ,傭Ƃ܂
43,367,43367,F{,ʖS,,֒,Ȃ񂩂܂
43,368,43368,F{,ʖS,,F,Ȃ܂
43,369,43369,F{,ʖS,,a,Ȃ݂܂
43,400,43400,F{,erS,,,
43,403,43403,F{,erS,,Ò,Â܂
43,404,43404,F{,erS,,ez,悤܂
43,420,43420,F{,hS,,,
43,423,43423,F{,hS,,쏬,݂Ȃ݂ɂ܂
43,424,43424,F{,hS,,,ɂ܂
43,425,43425,F{,hS,,YR,Ԃ܂ނ
43,428,43428,F{,hS,,X,܂
43,432,43432,F{,hS,,,ɂ͂ނ
43,433,43433,F{,hS,,숢h,݂Ȃ݂ނ
43,440,43440,F{,vS,,,݂܂
43,441,43441,F{,vS,,D,݂ӂ˂܂
43,442,43442,F{,vS,,Ó,܂܂
43,443,43443,F{,vS,,v钬,܂܂
43,444,43444,F{,vS,,b,܂
43,447,43447,F{,vS,,Rs,܂Ƃ傤
43,460,43460,F{,S,,,낮
43,468,43468,F{,S,,X쒬,Ђ킿傤
43,480,43480,F{,kS,,,
43,482,43482,F{,kS,,k,܂
43,484,43484,F{,kS,,Óޖؒ,Ȃ܂
43,500,43500,F{,S,,,܂
43,501,43501,F{,S,,ђ,ɂ܂
43,505,43505,F{,S,,ǖؒ,炬܂
43,506,43506,F{,S,,O,̂܂܂
43,507,43507,F{,S,,㑺,݂݂ނ
43,510,43510,F{,S,,Ǒ,ނ
43,511,43511,F{,S,,ܖؑ,ނ
43,512,43512,F{,S,,R],܂ނ
43,513,43513,F{,S,,,܂ނ
43,514,43514,F{,S,,蒬,肿傤
43,520,43520,F{,VS,,,܂
43,531,43531,F{,VS,,k,ꂢق܂
44,0,44000,啪,,,,
44,201,44201,啪,,,啪s,
44,202,44202,啪,,,ʕ{s,ׂՂ
44,203,44203,啪,,,Îs,Ȃ
44,204,44204,啪,,,cs,Ђ
44,205,44205,啪,,,s,
44,206,44206,啪,,,Pns,
44,207,44207,啪,,,Ëvs,݂
44,208,44208,啪,,,|cs,
44,209,44209,啪,,,L㍂cs,Ԃ񂲂
44,210,44210,啪,,,nzs,
44,211,44211,啪,,,Fs,
44,212,44212,啪,,,Ls,Ԃ񂲂̂
44,213,44213,啪,,,Rzs,ӂ
44,214,44214,啪,,,s,ɂ
44,320,44320,啪,S,,,Ђɂ
44,322,44322,啪,S,,P,Ђ߂܂ނ
44,340,44340,啪,S,,,݂͂
44,341,44341,啪,S,,o,Ђ܂
44,460,44460,啪,S,,,
44,461,44461,啪,S,,d,̂܂
44,462,44462,啪,S,,쒬,܂
45,0,45000,{茧,,,,݂₴
45,201,45201,{茧,,,{s,݂₴
45,202,45202,{茧,,,ss,݂₱̂傤
45,203,45203,{茧,,,s,ׂ̂
45,204,45204,{茧,,,s,ɂȂ
45,205,45205,{茧,,,юs,΂₵
45,206,45206,{茧,,,s,Ђイ
45,207,45207,{茧,,,Ԏs,܂
45,208,45208,{茧,,,ss,Ƃ
45,209,45209,{茧,,,т̎s,т̂
45,340,45340,{茧,kS,,,납
45,341,45341,{茧,kS,,OҒ,݂܂傤
45,360,45360,{茧,S,,,ɂ납
45,361,45361,{茧,S,,,͂邿傤
45,380,45380,{茧,S,,,Ђ납
45,382,45382,{茧,S,,x,ɂƂ݂傤
45,383,45383,{茧,S,,,₿傤
45,400,45400,{茧,S,,,䂮
45,401,45401,{茧,S,,璬,Ȃׂ傤
45,402,45402,{茧,S,,Vx,Ƃ݂傤
45,403,45403,{茧,S,,ėǑ,ɂ߂炻
45,404,45404,{茧,S,,؏钬,傤傤
45,405,45405,{茧,S,,쒬,݂Ȃ݂傤
45,406,45406,{茧,S,,s_,̂傤
45,420,45420,{茧,PnS,,,Ђ
45,421,45421,{茧,PnS,,쒬,ǂ킿傤
45,429,45429,{茧,PnS,,ˑ,
45,430,45430,{茧,PnS,,ŗt,΂
45,431,45431,{茧,PnS,,,݂Ƃ傤
45,440,45440,{茧,PnS,,,ɂ
45,441,45441,{茧,PnS,,䒬,ق傤
45,442,45442,{茧,PnS,,Ve,Ђ̂傤
45,443,45443,{茧,PnS,,܃,傤
46,0,46000,,,,,܂
46,201,46201,,,,s,܂
46,203,46203,,,,s,̂₵
46,204,46204,,,,s,܂炴
46,206,46206,,,,vs,˂
46,208,46208,,,,os,݂
46,210,46210,,,,whs,Ԃ
46,213,46213,,,,V\s,ɂ̂Ă
46,214,46214,,,,s,݂
46,215,46215,,,,Fs,܂񂾂
46,216,46216,,,,us,Ђ
46,217,46217,,,,]s,
46,218,46218,,,,s,肵܂
46,219,46219,,,,ؖs,̂
46,220,46220,,,,삳܎s,݂Ȃ݂܂
46,221,46221,,,,uzus,Ԃ
46,222,46222,,,,s,܂݂
46,223,46223,,,,Bs,݂Ȃ݂イイ
46,224,46224,,,,ɍs,
46,225,46225,,,,ǎs,炵
46,300,46300,,S,,,܂
46,303,46303,,S,,O,݂܂ނ
46,304,46304,,S,,\,Ƃ܂ނ
46,380,46380,,FS,,,܂
46,392,46392,,FS,,ܒ,܂傤
46,400,46400,,oS,,,݂
46,404,46404,,oS,,,Ȃ܂傤
46,440,46440,,ǌS,,,炮
46,452,46452,,ǌS,,N,䂤傤
46,460,46460,,]S,,,
46,468,46468,,]S,,蒬,傤
46,480,46480,,̑S,,,
46,482,46482,,̑S,,ǒ,Ђ炿傤
46,490,46490,,̑S,,э],񂱂傤
46,491,46491,,̑S,,,݂Ȃ݂݂傤
46,492,46492,,̑S,,̕t,傤
46,500,46500,,FьS,,,܂
46,501,46501,,FьS,,q,Ȃ˂傤
46,502,46502,,FьS,,q,݂Ȃ݂˂傤
46,505,46505,,FьS,,v,₭܂傤
46,520,46520,,哇S,,,܂
46,523,46523,,哇S,,a,܂Ƃ
46,524,46524,,哇S,,F,񂻂
46,525,46525,,哇S,,˓,Ƃ傤
46,527,46527,,哇S,,,傤
46,529,46529,,哇S,,E,傤
46,530,46530,,哇S,,V,Ƃ̂܂傤
46,531,46531,,哇S,,V钬,܂傤
46,532,46532,,哇S,,ɐ咬,񂿂傤
46,533,46533,,哇S,,a,ǂ܂肿傤
46,534,46534,,哇S,,m,Ȃ傤
46,535,46535,,哇S,,^_,񂿂傤
47,0,47000,ꌧ,,,,Ȃ킯
47,201,47201,ꌧ,,,ߔes,Ȃ͂
47,205,47205,ꌧ,,,Xps,̂
47,207,47207,ꌧ,,,Ί_s,
47,208,47208,ꌧ,,,YYs,炻
47,209,47209,ꌧ,,,s,Ȃ
47,210,47210,ꌧ,,,s,Ƃ܂
47,211,47211,ꌧ,,,s,Ȃ킵
47,212,47212,ꌧ,,,Ls,Ƃ݂
47,213,47213,ꌧ,,,܎s,܂
47,214,47214,ꌧ,,,{Ós,݂₱܂
47,215,47215,ꌧ,,,s,Ȃ񂶂傤
47,300,47300,ꌧ,S,,,ɂ݂
47,301,47301,ꌧ,S,,,ɂ݂
47,302,47302,ꌧ,S,,X,݂
47,303,47303,ꌧ,S,,,Ђ
47,306,47306,ꌧ,S,,Am,Ȃ񂻂
47,308,47308,ꌧ,S,,{,ƂԂ傤
47,311,47311,ꌧ,S,,[,Ȃ
47,313,47313,ꌧ,S,,X,̂
47,314,47314,ꌧ,S,,,񂿂傤
47,315,47315,ꌧ,S,,ɍ],
47,320,47320,ꌧ,S,,,Ȃ݂
47,324,47324,ꌧ,S,,ǒJ,݂񂻂
47,325,47325,ꌧ,S,,Î[,łȂ傤
47,326,47326,ꌧ,S,,kJ,Ⴝ񂿂傤
47,327,47327,ꌧ,S,,k鑺,Ȃ
47,328,47328,ꌧ,S,,鑺,Ȃ
47,329,47329,ꌧ,S,,,ɂ͂炿傤
47,340,47340,ꌧ,KS,,,܂肮
47,348,47348,ꌧ,KS,,^ߌ,Ȃ΂邿傤
47,350,47350,ꌧ,KS,,앗,͂΂邿傤
47,353,47353,ꌧ,KS,,nÕ~,Ƃ
47,354,47354,ꌧ,KS,,Ԗ,܂݂
47,355,47355,ꌧ,KS,,,ɂ
47,356,47356,ꌧ,KS,,n쑺,ƂȂ
47,357,47357,ꌧ,KS,,哌,݂Ȃ݂Ƃ
47,358,47358,ꌧ,KS,,k哌,Ƃ
47,359,47359,ꌧ,KS,,ɕ,ւ₻
47,360,47360,ꌧ,KS,,ɐ,Ȃ
47,361,47361,ꌧ,KS,,vē,߂܂傤
47,362,47362,ꌧ,KS,,d,₦傤
47,370,47370,ꌧ,{ÌS,,,݂₱
47,375,47375,ꌧ,{ÌS,,Ǌԑ,܂
47,380,47380,ꌧ,dRS,,,₦܂
47,381,47381,ꌧ,dRS,,|x,Ƃ݂傤
47,382,47382,ꌧ,dRS,,^ߍ,Ȃɂ傤
